;,dtype,vname_identifier,comma,=,#=,~=,*=,/=,%=,MOD=,**=,&=,|=,^=,>>=,<<=,loop,(,),{,},if,else,elif,return,ftype_terminal,or,and,|,^,&,==,!=,is,<,<=,>,>=,~,#,>>,<<,*,**,/,MOD,%,!,~~,##,[,],int_lit,bool_lit,float_lit,',char_terminal,escape_seq_terminal,"""",$,S',S,stmt,decl,var_list,assign,loop_stmt,if_stmt,cond,elif_ladder,return_stmt,fname,pname,func_defn,stmt_list,param_list,regular_param_list,reg_param,optional_param_list,optional_param,exp_list,func_call,arg_list,keyword_arg_list,exp,exp11,exp10,exp9,exp8,exp7,exp6,exp5,exp4,exp3,exp2,exp1,literal,char_lit,char_list,str_lit,multiple_char,tup_list,tuplistb,tuple_lit,list_lit
x,s12,s17,x,x,x,x,x,x,x,x,x,x,x,x,x,x,s13,s36,x,x,x,s19,x,x,s15,s10,x,x,x,x,x,x,x,x,x,x,x,x,s30,s29,x,x,x,x,x,x,x,s28,s31,s32,s46,x,s37,s39,s41,s44,x,x,s45,r3,x,1,2,5,11,4,6,16,9,x,8,x,x,3,x,x,x,x,x,x,x,35,x,x,7,14,18,20,21,22,23,24,25,26,27,33,34,38,x,40,x,x,x,42,43
x,x,x,x,x,x,x,x,x,x,x,x,x,x,x,x,x,x,x,x,x,x,x,x,x,x,x,x,x,x,x,x,x,x,x,x,x,x,x,x,x,x,x,x,x,x,x,x,x,x,x,x,x,x,x,x,x,x,x,x,acc,x,x,x,x,x,x,x,x,x,x,x,x,x,x,x,x,x,x,x,x,x,x,x,x,x,x,x,x,x,x,x,x,x,x,x,x,x,x,x,x,x,x,x,x,x
x,s12,s17,x,x,x,x,x,x,x,x,x,x,x,x,x,x,s13,s36,x,x,x,s19,x,x,s15,s10,x,x,x,x,x,x,x,x,x,x,x,x,s30,s29,x,x,x,x,x,x,x,s28,s31,s32,s46,x,s37,s39,s41,s44,x,x,s45,r3,x,47,2,5,11,4,6,16,9,x,8,x,x,3,x,x,x,x,x,x,x,35,x,x,7,14,18,20,21,22,23,24,25,26,27,33,34,38,x,40,x,x,x,42,43
x,s12,s17,x,x,x,x,x,x,x,x,x,x,x,x,x,x,s13,s36,x,x,x,s19,x,x,s15,s10,x,x,x,x,x,x,x,x,x,x,x,x,s30,s29,x,x,x,x,x,x,x,s28,s31,s32,s46,x,s37,s39,s41,s44,x,x,s45,r3,x,48,2,5,11,4,6,16,9,x,8,x,x,3,x,x,x,x,x,x,x,35,x,x,7,14,18,20,21,22,23,24,25,26,27,33,34,38,x,40,x,x,x,42,43
s49,x,x,x,x,x,x,x,x,x,x,x,x,x,x,x,x,x,x,x,x,x,x,x,x,x,x,x,x,x,x,x,x,x,x,x,x,x,x,x,x,x,x,x,x,x,x,x,x,x,x,x,x,x,x,x,x,x,x,x,x,x,x,x,x,x,x,x,x,x,x,x,x,x,x,x,x,x,x,x,x,x,x,x,x,x,x,x,x,x,x,x,x,x,x,x,x,x,x,x,x,x,x,x,x,x
s50,x,x,x,x,x,x,x,x,x,x,x,x,x,x,x,x,x,x,x,x,x,x,x,x,x,x,x,x,x,x,x,x,x,x,x,x,x,x,x,x,x,x,x,x,x,x,x,x,x,x,x,x,x,x,x,x,x,x,x,x,x,x,x,x,x,x,x,x,x,x,x,x,x,x,x,x,x,x,x,x,x,x,x,x,x,x,x,x,x,x,x,x,x,x,x,x,x,x,x,x,x,x,x,x,x
x,r6,r6,x,x,x,x,x,x,x,x,x,x,x,x,x,x,r6,r6,x,x,r6,r6,x,x,r6,r6,x,x,x,x,x,x,x,x,x,x,x,x,r6,r6,x,x,x,x,x,x,x,r6,r6,r6,r6,x,r6,r6,r6,r6,x,x,r6,r6,x,x,x,x,x,x,x,x,x,x,x,x,x,x,x,x,x,x,x,x,x,x,x,x,x,x,x,x,x,x,x,x,x,x,x,x,x,x,x,x,x,x,x,x,x
s51,x,x,x,x,x,x,x,x,x,x,x,x,x,x,x,x,x,x,x,x,x,x,x,x,x,x,x,x,x,x,x,x,x,x,x,x,x,x,x,x,x,x,x,x,x,x,x,x,x,x,x,x,x,x,x,x,x,x,x,x,x,x,x,x,x,x,x,x,x,x,x,x,x,x,x,x,x,x,x,x,x,x,x,x,x,x,x,x,x,x,x,x,x,x,x,x,x,x,x,x,x,x,x,x,x
x,r8,r8,x,x,x,x,x,x,x,x,x,x,x,x,x,x,r8,r8,x,x,r8,r8,x,x,r8,r8,x,x,x,x,x,x,x,x,x,x,x,x,r8,r8,x,x,x,x,x,x,x,r8,r8,r8,r8,x,r8,r8,r8,r8,x,x,r8,r8,x,x,x,x,x,x,x,x,x,x,x,x,x,x,x,x,x,x,x,x,x,x,x,x,x,x,x,x,x,x,x,x,x,x,x,x,x,x,x,x,x,x,x,x,x
x,r9,r9,x,x,x,x,x,x,x,x,x,x,x,x,x,x,r9,r9,x,x,r9,r9,x,x,r9,r9,x,x,x,x,x,x,x,x,x,x,x,x,r9,r9,x,x,x,x,x,x,x,r9,r9,r9,r9,x,r9,r9,r9,r9,x,x,r9,r9,x,x,x,x,x,x,x,x,x,x,x,x,x,x,x,x,x,x,x,x,x,x,x,x,x,x,x,x,x,x,x,x,x,x,x,x,x,x,x,x,x,x,x,x,x
x,x,s53,x,x,x,x,x,x,x,x,x,x,x,x,x,x,x,x,x,x,x,x,x,x,x,x,x,x,x,x,x,x,x,x,x,x,x,x,x,x,x,x,x,x,x,x,x,x,x,x,x,x,x,x,x,x,x,x,x,x,x,x,x,x,x,x,x,x,x,x,x,52,x,x,x,x,x,x,x,x,x,x,x,x,x,x,x,x,x,x,x,x,x,x,x,x,x,x,x,x,x,x,x,x,x
x,x,x,s67,s54,s55,s56,s57,s58,s59,s60,s61,s62,s63,s64,s65,s66,x,x,x,x,x,x,x,x,x,x,x,x,x,x,x,x,x,x,x,x,x,x,x,x,x,x,x,x,x,x,x,x,x,x,x,x,x,x,x,x,x,x,x,x,x,x,x,x,x,x,x,x,x,x,x,x,x,x,x,x,x,x,x,x,x,x,x,x,x,x,x,x,x,x,x,x,x,x,x,x,x,x,x,x,x,x,x,x,x
x,x,s69,x,x,x,x,x,x,x,x,x,x,x,x,x,x,x,x,x,x,x,x,x,x,x,x,x,x,x,x,x,x,x,x,x,x,x,x,x,x,x,x,x,x,x,x,x,x,x,x,x,x,x,x,x,x,x,x,x,x,x,x,x,x,68,x,x,x,x,x,x,x,x,x,x,x,x,x,x,x,x,x,x,x,x,x,x,x,x,x,x,x,x,x,x,x,x,x,x,x,x,x,x,x,x
x,x,x,x,x,x,x,x,x,x,x,x,x,x,x,x,x,x,s70,x,x,x,x,x,x,x,x,x,x,x,x,x,x,x,x,x,x,x,x,x,x,x,x,x,x,x,x,x,x,x,x,x,x,x,x,x,x,x,x,x,x,x,x,x,x,x,x,x,x,x,x,x,x,x,x,x,x,x,x,x,x,x,x,x,x,x,x,x,x,x,x,x,x,x,x,x,x,x,x,x,x,x,x,x,x,x
r59,x,x,r59,x,x,x,x,x,x,x,x,x,x,x,x,x,x,x,r59,x,x,x,x,x,x,x,s71,x,x,x,x,x,x,x,x,x,x,x,x,x,x,x,x,x,x,x,x,x,x,x,x,r59,x,x,x,x,x,x,x,x,x,x,x,x,x,x,x,x,x,x,x,x,x,x,x,x,x,x,x,x,x,x,x,x,x,x,x,x,x,x,x,x,x,x,x,x,x,x,x,x,x,x,x,x,x
x,x,s73,x,x,x,x,x,x,x,x,x,x,x,x,x,x,x,s36,x,x,x,x,x,x,x,x,x,x,x,x,x,x,x,x,x,x,x,x,s30,s29,x,x,x,x,x,x,x,s28,s31,s32,s46,x,s37,s39,s41,s44,x,x,s45,x,x,x,x,x,x,x,x,x,x,x,x,x,x,x,x,x,x,x,x,x,x,35,x,x,72,14,18,20,21,22,23,24,25,26,27,33,34,38,x,40,x,x,x,42,43
x,r30,r30,x,x,x,x,x,x,x,x,x,x,x,x,x,x,r30,r30,x,x,r30,r30,r32,r32,r30,r30,x,x,x,x,x,x,x,x,x,x,x,x,r30,r30,x,x,x,x,x,x,x,r30,r30,r30,r30,x,r30,r30,r30,r30,x,x,r30,r30,x,x,x,x,x,x,x,x,x,74,x,x,x,x,x,x,x,x,x,x,x,x,x,x,x,x,x,x,x,x,x,x,x,x,x,x,x,x,x,x,x,x,x,x,x
r98,x,x,r11,r11,r11,r11,r11,r11,r11,r11,r11,r11,r11,r11,r11,r11,x,s77,x,x,x,x,x,x,x,x,r98,r98,r98,r98,r98,r98,r98,r98,r98,r98,r98,r98,r98,r98,r98,r98,r98,r98,r98,r98,r98,x,s76,s75,r98,x,x,x,x,x,x,x,x,x,x,x,x,x,x,x,x,x,x,x,x,x,x,x,x,x,x,x,x,x,x,x,x,x,x,x,x,x,x,x,x,x,x,x,x,x,x,x,x,x,x,x,x,x,x
r61,x,x,r61,x,x,x,x,x,x,x,x,x,x,x,x,x,x,x,r61,x,x,x,x,x,x,x,r61,s78,x,x,x,x,x,x,x,x,x,x,x,x,x,x,x,x,x,x,x,x,x,x,x,r61,x,x,x,x,x,x,x,x,x,x,x,x,x,x,x,x,x,x,x,x,x,x,x,x,x,x,x,x,x,x,x,x,x,x,x,x,x,x,x,x,x,x,x,x,x,x,x,x,x,x,x,x,x
x,x,x,x,x,x,x,x,x,x,x,x,x,x,x,x,x,x,s79,x,x,x,x,x,x,x,x,x,x,x,x,x,x,x,x,x,x,x,x,x,x,x,x,x,x,x,x,x,x,x,x,x,x,x,x,x,x,x,x,x,x,x,x,x,x,x,x,x,x,x,x,x,x,x,x,x,x,x,x,x,x,x,x,x,x,x,x,x,x,x,x,x,x,x,x,x,x,x,x,x,x,x,x,x,x,x
r62,x,x,r62,x,x,x,x,x,x,x,x,x,x,x,x,x,x,x,r62,x,x,x,x,x,x,x,r62,r62,s80,x,x,x,x,x,x,x,x,x,x,x,x,x,x,x,x,x,x,x,x,x,x,r62,x,x,x,x,x,x,x,x,x,x,x,x,x,x,x,x,x,x,x,x,x,x,x,x,x,x,x,x,x,x,x,x,x,x,x,x,x,x,x,x,x,x,x,x,x,x,x,x,x,x,x,x,x
r64,x,x,r64,x,x,x,x,x,x,x,x,x,x,x,x,x,x,x,r64,x,x,x,x,x,x,x,r64,r64,r64,s81,x,x,x,x,x,x,x,x,x,x,x,x,x,x,x,x,x,x,x,x,x,r64,x,x,x,x,x,x,x,x,x,x,x,x,x,x,x,x,x,x,x,x,x,x,x,x,x,x,x,x,x,x,x,x,x,x,x,x,x,x,x,x,x,x,x,x,x,x,x,x,x,x,x,x,x
r66,x,x,r66,x,x,x,x,x,x,x,x,x,x,x,x,x,x,x,r66,x,x,x,x,x,x,x,r66,r66,r66,r66,s82,x,x,x,x,x,x,x,x,x,x,x,x,x,x,x,x,x,x,x,x,r66,x,x,x,x,x,x,x,x,x,x,x,x,x,x,x,x,x,x,x,x,x,x,x,x,x,x,x,x,x,x,x,x,x,x,x,x,x,x,x,x,x,x,x,x,x,x,x,x,x,x,x,x,x
r68,x,x,r68,x,x,x,x,x,x,x,x,x,x,x,x,x,x,x,r68,x,x,x,x,x,x,x,r68,r68,r68,r68,r68,s83,s84,s85,x,x,x,x,x,x,x,x,x,x,x,x,x,x,x,x,x,r68,x,x,x,x,x,x,x,x,x,x,x,x,x,x,x,x,x,x,x,x,x,x,x,x,x,x,x,x,x,x,x,x,x,x,x,x,x,x,x,x,x,x,x,x,x,x,x,x,x,x,x,x,x
r73,x,x,r73,x,x,x,x,x,x,x,x,x,x,x,x,x,x,x,r73,x,x,x,x,x,x,x,r73,r73,r73,r73,r73,r73,r73,r73,s86,s87,s88,s89,x,x,x,x,x,x,x,x,x,x,x,x,x,r73,x,x,x,x,x,x,x,x,x,x,x,x,x,x,x,x,x,x,x,x,x,x,x,x,x,x,x,x,x,x,x,x,x,x,x,x,x,x,x,x,x,x,x,x,x,x,x,x,x,x,x,x,x
r78,x,x,r78,x,x,x,x,x,x,x,x,x,x,x,x,x,x,x,r78,x,x,x,x,x,x,x,r78,r78,r78,r78,r78,r78,r78,r78,r78,r78,r78,r78,s90,s91,s92,s93,x,x,x,x,x,x,x,x,x,r78,x,x,x,x,x,x,x,x,x,x,x,x,x,x,x,x,x,x,x,x,x,x,x,x,x,x,x,x,x,x,x,x,x,x,x,x,x,x,x,x,x,x,x,x,x,x,x,x,x,x,x,x,x
r83,x,x,r83,x,x,x,x,x,x,x,x,x,x,x,x,x,x,x,r83,x,x,x,x,x,x,x,r83,r83,r83,r83,r83,r83,r83,r83,r83,r83,r83,r83,r83,r83,r83,r83,s94,s95,s96,s97,s98,x,x,x,x,r83,x,x,x,x,x,x,x,x,x,x,x,x,x,x,x,x,x,x,x,x,x,x,x,x,x,x,x,x,x,x,x,x,x,x,x,x,x,x,x,x,x,x,x,x,x,x,x,x,x,x,x,x,x
r89,x,x,r89,x,x,x,x,x,x,x,x,x,x,x,x,x,x,x,r89,x,x,x,x,x,x,x,r89,r89,r89,r89,r89,r89,r89,r89,r89,r89,r89,r89,r89,r89,r89,r89,r89,r89,r89,r89,r89,x,x,x,x,r89,x,x,x,x,x,x,x,x,x,x,x,x,x,x,x,x,x,x,x,x,x,x,x,x,x,x,x,x,x,x,x,x,x,x,x,x,x,x,x,x,x,x,x,x,x,x,x,x,x,x,x,x,x
x,x,s73,x,x,x,x,x,x,x,x,x,x,x,x,x,x,x,s36,x,x,x,x,x,x,x,x,x,x,x,x,x,x,x,x,x,x,x,x,s30,s29,x,x,x,x,x,x,x,s28,s31,s32,s46,x,s37,s39,s41,s44,x,x,s45,x,x,x,x,x,x,x,x,x,x,x,x,x,x,x,x,x,x,x,x,x,x,35,x,x,x,x,x,x,x,x,x,x,x,x,99,33,34,38,x,40,x,x,x,42,43
x,x,s73,x,x,x,x,x,x,x,x,x,x,x,x,x,x,x,s36,x,x,x,x,x,x,x,x,x,x,x,x,x,x,x,x,x,x,x,x,s30,s29,x,x,x,x,x,x,x,s28,s31,s32,s46,x,s37,s39,s41,s44,x,x,s45,x,x,x,x,x,x,x,x,x,x,x,x,x,x,x,x,x,x,x,x,x,x,35,x,x,x,x,x,x,x,x,x,x,x,x,100,33,34,38,x,40,x,x,x,42,43
x,x,s73,x,x,x,x,x,x,x,x,x,x,x,x,x,x,x,s36,x,x,x,x,x,x,x,x,x,x,x,x,x,x,x,x,x,x,x,x,s30,s29,x,x,x,x,x,x,x,s28,s31,s32,s46,x,s37,s39,s41,s44,x,x,s45,x,x,x,x,x,x,x,x,x,x,x,x,x,x,x,x,x,x,x,x,x,x,35,x,x,x,x,x,x,x,x,x,x,x,x,101,33,34,38,x,40,x,x,x,42,43
x,x,s73,x,x,x,x,x,x,x,x,x,x,x,x,x,x,x,s36,x,x,x,x,x,x,x,x,x,x,x,x,x,x,x,x,x,x,x,x,s30,s29,x,x,x,x,x,x,x,s28,s31,s32,s46,x,s37,s39,s41,s44,x,x,s45,x,x,x,x,x,x,x,x,x,x,x,x,x,x,x,x,x,x,x,x,x,x,35,x,x,x,x,x,x,x,x,x,x,x,x,102,33,34,38,x,40,x,x,x,42,43
x,x,s73,x,x,x,x,x,x,x,x,x,x,x,x,x,x,x,s36,x,x,x,x,x,x,x,x,x,x,x,x,x,x,x,x,x,x,x,x,s30,s29,x,x,x,x,x,x,x,s28,s31,s32,s46,x,s37,s39,s41,s44,x,x,s45,x,x,x,x,x,x,x,x,x,x,x,x,x,x,x,x,x,x,x,x,x,x,35,x,x,x,x,x,x,x,x,x,x,x,x,103,33,34,38,x,40,x,x,x,42,43
r95,x,x,r95,x,x,x,x,x,x,x,x,x,x,x,x,x,x,x,r95,x,x,x,x,x,x,x,r95,r95,r95,r95,r95,r95,r95,r95,r95,r95,r95,r95,r95,r95,r95,r95,r95,r95,r95,r95,r95,x,x,x,s104,r95,x,x,x,x,x,x,x,x,x,x,x,x,x,x,x,x,x,x,x,x,x,x,x,x,x,x,x,x,x,x,x,x,x,x,x,x,x,x,x,x,x,x,x,x,x,x,x,x,x,x,x,x,x
r96,x,x,r96,x,x,x,x,x,x,x,x,x,x,x,x,x,x,x,r96,x,x,x,x,x,x,x,r96,r96,r96,r96,r96,r96,r96,r96,r96,r96,r96,r96,r96,r96,r96,r96,r96,r96,r96,r96,r96,x,x,x,r96,r96,x,x,x,x,x,x,x,x,x,x,x,x,x,x,x,x,x,x,x,x,x,x,x,x,x,x,x,x,x,x,x,x,x,x,x,x,x,x,x,x,x,x,x,x,x,x,x,x,x,x,x,x,x
r97,x,x,r97,x,x,x,x,x,x,x,x,x,x,x,x,x,x,x,r97,x,x,x,x,x,x,x,r97,r97,r97,r97,r97,r97,r97,r97,r97,r97,r97,r97,r97,r97,r97,r97,r97,r97,r97,r97,r97,x,x,x,r97,r97,x,x,x,x,x,x,x,x,x,x,x,x,x,x,x,x,x,x,x,x,x,x,x,x,x,x,x,x,x,x,x,x,x,x,x,x,x,x,x,x,x,x,x,x,x,x,x,x,x,x,x,x,x
x,x,s73,x,x,x,x,x,x,x,x,x,x,x,x,x,x,x,s36,r115,x,x,x,x,x,x,x,x,x,x,x,x,x,x,x,x,x,x,x,s30,s29,x,x,x,x,x,x,x,s28,s31,s32,s46,x,s37,s39,s41,s44,x,x,s45,x,x,x,x,x,x,x,x,x,x,x,x,x,x,x,x,x,x,x,x,x,x,35,x,x,105,14,18,20,21,22,23,24,25,26,27,33,34,38,x,40,x,106,107,42,43
r103,x,x,r103,x,x,x,x,x,x,x,x,x,x,x,x,x,x,x,r103,x,x,x,x,x,x,x,r103,r103,r103,r103,r103,r103,r103,r103,r103,r103,r103,r103,r103,r103,r103,r103,r103,r103,r103,r103,r103,x,x,x,r103,r103,x,x,x,x,x,x,x,x,x,x,x,x,x,x,x,x,x,x,x,x,x,x,x,x,x,x,x,x,x,x,x,x,x,x,x,x,x,x,x,x,x,x,x,x,x,x,x,x,x,x,x,x,x
r104,x,x,r104,x,x,x,x,x,x,x,x,x,x,x,x,x,x,x,r104,x,x,x,x,x,x,x,r104,r104,r104,r104,r104,r104,r104,r104,r104,r104,r104,r104,r104,r104,r104,r104,r104,r104,r104,r104,r104,x,x,x,r104,r104,x,x,x,x,x,x,x,x,x,x,x,x,x,x,x,x,x,x,x,x,x,x,x,x,x,x,x,x,x,x,x,x,x,x,x,x,x,x,x,x,x,x,x,x,x,x,x,x,x,x,x,x,x
r105,x,x,r105,x,x,x,x,x,x,x,x,x,x,x,x,x,x,x,r105,x,x,x,x,x,x,x,r105,r105,r105,r105,r105,r105,r105,r105,r105,r105,r105,r105,r105,r105,r105,r105,r105,r105,r105,r105,r105,x,x,x,r105,r105,x,x,x,x,x,x,x,x,x,x,x,x,x,x,x,x,x,x,x,x,x,x,x,x,x,x,x,x,x,x,x,x,x,x,x,x,x,x,x,x,x,x,x,x,x,x,x,x,x,x,x,x,x
r106,x,x,r106,x,x,x,x,x,x,x,x,x,x,x,x,x,x,x,r106,x,x,x,x,x,x,x,r106,r106,r106,r106,r106,r106,r106,r106,r106,r106,r106,r106,r106,r106,r106,r106,r106,r106,r106,r106,r106,x,x,x,r106,r106,x,x,x,x,x,x,x,x,x,x,x,x,x,x,x,x,x,x,x,x,x,x,x,x,x,x,x,x,x,x,x,x,x,x,x,x,x,x,x,x,x,x,x,x,x,x,x,x,x,x,x,x,x
r107,x,x,r107,x,x,x,x,x,x,x,x,x,x,x,x,x,x,x,r107,x,x,x,x,x,x,x,r107,r107,r107,r107,r107,r107,r107,r107,r107,r107,r107,r107,r107,r107,r107,r107,r107,r107,r107,r107,r107,x,x,x,r107,r107,x,x,x,x,x,x,x,x,x,x,x,x,x,x,x,x,x,x,x,x,x,x,x,x,x,x,x,x,x,x,x,x,x,x,x,x,x,x,x,x,x,x,x,x,x,x,x,x,x,x,x,x,x
r108,x,x,r108,x,x,x,x,x,x,x,x,x,x,x,x,x,x,x,r108,x,x,x,x,x,x,x,r108,r108,r108,r108,r108,r108,r108,r108,r108,r108,r108,r108,r108,r108,r108,r108,r108,r108,r108,r108,r108,x,x,x,r108,r108,x,x,x,x,x,x,x,x,x,x,x,x,x,x,x,x,x,x,x,x,x,x,x,x,x,x,x,x,x,x,x,x,x,x,x,x,x,x,x,x,x,x,x,x,x,x,x,x,x,x,x,x,x
r109,x,x,r109,x,x,x,x,x,x,x,x,x,x,x,x,x,x,x,r109,x,x,x,x,x,x,x,r109,r109,r109,r109,r109,r109,r109,r109,r109,r109,r109,r109,r109,r109,r109,r109,r109,r109,r109,r109,r109,x,x,x,r109,r109,x,x,x,x,x,x,x,x,x,x,x,x,x,x,x,x,x,x,x,x,x,x,x,x,x,x,x,x,x,x,x,x,x,x,x,x,x,x,x,x,x,x,x,x,x,x,x,x,x,x,x,x,x
x,x,x,x,x,x,x,x,x,x,x,x,x,x,x,x,x,x,x,x,x,x,x,x,x,x,x,x,x,x,x,x,x,x,x,x,x,x,x,x,x,x,x,x,x,x,x,x,x,x,x,x,x,x,x,x,x,s108,x,x,x,x,x,x,x,x,x,x,x,x,x,x,x,x,x,x,x,x,x,x,x,x,x,x,x,x,x,x,x,x,x,x,x,x,x,x,x,x,x,x,x,x,x,x,x,x
x,x,x,x,x,x,x,x,x,x,x,x,x,x,x,x,x,x,x,x,x,x,x,x,x,x,x,x,x,x,x,x,x,x,x,x,x,x,x,x,x,x,x,x,x,x,x,x,x,x,x,x,x,x,x,x,x,r114,x,r114,x,x,x,x,x,x,x,x,x,x,x,x,x,x,x,x,x,x,x,x,x,x,x,x,x,x,x,x,x,x,x,x,x,x,x,x,x,x,x,x,x,109,x,x,x,x
x,x,s73,x,x,x,x,x,x,x,x,x,x,x,x,x,x,x,s36,x,x,x,x,x,x,x,x,x,x,x,x,x,x,x,x,x,x,x,x,s30,s29,x,x,x,x,x,x,x,s28,s31,s32,s46,x,s37,s39,s41,s44,x,x,s45,x,x,x,x,x,x,x,x,x,x,x,x,x,x,x,x,x,x,x,x,x,110,35,x,x,111,14,18,20,21,22,23,24,25,26,27,33,34,38,x,40,x,x,x,42,43
x,x,x,x,x,x,x,x,x,x,x,x,x,x,x,x,x,x,x,x,x,x,x,x,x,x,x,x,x,x,x,x,x,x,x,x,x,x,x,x,x,x,x,x,x,x,x,x,x,x,x,x,x,x,x,x,x,x,x,x,r1,x,x,x,x,x,x,x,x,x,x,x,x,x,x,x,x,x,x,x,x,x,x,x,x,x,x,x,x,x,x,x,x,x,x,x,x,x,x,x,x,x,x,x,x,x
x,x,x,x,x,x,x,x,x,x,x,x,x,x,x,x,x,x,x,x,x,x,x,x,x,x,x,x,x,x,x,x,x,x,x,x,x,x,x,x,x,x,x,x,x,x,x,x,x,x,x,x,x,x,x,x,x,x,x,x,r2,x,x,x,x,x,x,x,x,x,x,x,x,x,x,x,x,x,x,x,x,x,x,x,x,x,x,x,x,x,x,x,x,x,x,x,x,x,x,x,x,x,x,x,x,x
x,r4,r4,x,x,x,x,x,x,x,x,x,x,x,x,x,x,r4,r4,x,x,r4,r4,x,x,r4,r4,x,x,x,x,x,x,x,x,x,x,x,x,r4,r4,x,x,x,x,x,x,x,r4,r4,r4,r4,x,r4,r4,r4,r4,x,x,r4,r4,x,x,x,x,x,x,x,x,x,x,x,x,x,x,x,x,x,x,x,x,x,x,x,x,x,x,x,x,x,x,x,x,x,x,x,x,x,x,x,x,x,x,x,x,x
x,r5,r5,x,x,x,x,x,x,x,x,x,x,x,x,x,x,r5,r5,x,x,r5,r5,x,x,r5,r5,x,x,x,x,x,x,x,x,x,x,x,x,r5,r5,x,x,x,x,x,x,x,r5,r5,r5,r5,x,r5,r5,r5,r5,x,x,r5,r5,x,x,x,x,x,x,x,x,x,x,x,x,x,x,x,x,x,x,x,x,x,x,x,x,x,x,x,x,x,x,x,x,x,x,x,x,x,x,x,x,x,x,x,x,x
x,r7,r7,x,x,x,x,x,x,x,x,x,x,x,x,x,x,r7,r7,x,x,r7,r7,x,x,r7,r7,x,x,x,x,x,x,x,x,x,x,x,x,r7,r7,x,x,x,x,x,x,x,r7,r7,r7,r7,x,r7,r7,r7,r7,x,x,r7,r7,x,x,x,x,x,x,x,x,x,x,x,x,x,x,x,x,x,x,x,x,x,x,x,x,x,x,x,x,x,x,x,x,x,x,x,x,x,x,x,x,x,x,x,x,x
x,x,x,x,x,x,x,x,x,x,x,x,x,x,x,x,x,x,s112,x,x,x,x,x,x,x,x,x,x,x,x,x,x,x,x,x,x,x,x,x,x,x,x,x,x,x,x,x,x,x,x,x,x,x,x,x,x,x,x,x,x,x,x,x,x,x,x,x,x,x,x,x,x,x,x,x,x,x,x,x,x,x,x,x,x,x,x,x,x,x,x,x,x,x,x,x,x,x,x,x,x,x,x,x,x,x
x,x,x,x,x,x,x,x,x,x,x,x,x,x,x,x,x,x,r35,x,x,x,x,x,x,x,x,x,x,x,x,x,x,x,x,x,x,x,x,x,x,x,x,x,x,x,x,x,x,x,x,x,x,x,x,x,x,x,x,x,x,x,x,x,x,x,x,x,x,x,x,x,x,x,x,x,x,x,x,x,x,x,x,x,x,x,x,x,x,x,x,x,x,x,x,x,x,x,x,x,x,x,x,x,x,x
x,x,s73,x,x,x,x,x,x,x,x,x,x,x,x,x,x,x,s36,x,x,x,x,x,x,x,x,x,x,x,x,x,x,x,x,x,x,x,x,s30,s29,x,x,x,x,x,x,x,s28,s31,s32,s46,x,s37,s39,s41,s44,x,x,s45,x,x,x,x,x,x,x,x,x,x,x,x,x,x,x,x,x,x,x,x,x,113,35,x,x,111,14,18,20,21,22,23,24,25,26,27,33,34,38,x,40,x,x,x,42,43
x,x,s73,x,x,x,x,x,x,x,x,x,x,x,x,x,x,x,s36,x,x,x,x,x,x,x,x,x,x,x,x,x,x,x,x,x,x,x,x,s30,s29,x,x,x,x,x,x,x,s28,s31,s32,s46,x,s37,s39,s41,s44,x,x,s45,x,x,x,x,x,x,x,x,x,x,x,x,x,x,x,x,x,x,x,x,x,114,35,x,x,111,14,18,20,21,22,23,24,25,26,27,33,34,38,x,40,x,x,x,42,43
x,x,s73,x,x,x,x,x,x,x,x,x,x,x,x,x,x,x,s36,x,x,x,x,x,x,x,x,x,x,x,x,x,x,x,x,x,x,x,x,s30,s29,x,x,x,x,x,x,x,s28,s31,s32,s46,x,s37,s39,s41,s44,x,x,s45,x,x,x,x,x,x,x,x,x,x,x,x,x,x,x,x,x,x,x,x,x,115,35,x,x,111,14,18,20,21,22,23,24,25,26,27,33,34,38,x,40,x,x,x,42,43
x,x,s73,x,x,x,x,x,x,x,x,x,x,x,x,x,x,x,s36,x,x,x,x,x,x,x,x,x,x,x,x,x,x,x,x,x,x,x,x,s30,s29,x,x,x,x,x,x,x,s28,s31,s32,s46,x,s37,s39,s41,s44,x,x,s45,x,x,x,x,x,x,x,x,x,x,x,x,x,x,x,x,x,x,x,x,x,116,35,x,x,111,14,18,20,21,22,23,24,25,26,27,33,34,38,x,40,x,x,x,42,43
x,x,s73,x,x,x,x,x,x,x,x,x,x,x,x,x,x,x,s36,x,x,x,x,x,x,x,x,x,x,x,x,x,x,x,x,x,x,x,x,s30,s29,x,x,x,x,x,x,x,s28,s31,s32,s46,x,s37,s39,s41,s44,x,x,s45,x,x,x,x,x,x,x,x,x,x,x,x,x,x,x,x,x,x,x,x,x,117,35,x,x,111,14,18,20,21,22,23,24,25,26,27,33,34,38,x,40,x,x,x,42,43
x,x,s73,x,x,x,x,x,x,x,x,x,x,x,x,x,x,x,s36,x,x,x,x,x,x,x,x,x,x,x,x,x,x,x,x,x,x,x,x,s30,s29,x,x,x,x,x,x,x,s28,s31,s32,s46,x,s37,s39,s41,s44,x,x,s45,x,x,x,x,x,x,x,x,x,x,x,x,x,x,x,x,x,x,x,x,x,118,35,x,x,111,14,18,20,21,22,23,24,25,26,27,33,34,38,x,40,x,x,x,42,43
x,x,s73,x,x,x,x,x,x,x,x,x,x,x,x,x,x,x,s36,x,x,x,x,x,x,x,x,x,x,x,x,x,x,x,x,x,x,x,x,s30,s29,x,x,x,x,x,x,x,s28,s31,s32,s46,x,s37,s39,s41,s44,x,x,s45,x,x,x,x,x,x,x,x,x,x,x,x,x,x,x,x,x,x,x,x,x,119,35,x,x,111,14,18,20,21,22,23,24,25,26,27,33,34,38,x,40,x,x,x,42,43
x,x,s73,x,x,x,x,x,x,x,x,x,x,x,x,x,x,x,s36,x,x,x,x,x,x,x,x,x,x,x,x,x,x,x,x,x,x,x,x,s30,s29,x,x,x,x,x,x,x,s28,s31,s32,s46,x,s37,s39,s41,s44,x,x,s45,x,x,x,x,x,x,x,x,x,x,x,x,x,x,x,x,x,x,x,x,x,120,35,x,x,111,14,18,20,21,22,23,24,25,26,27,33,34,38,x,40,x,x,x,42,43
x,x,s73,x,x,x,x,x,x,x,x,x,x,x,x,x,x,x,s36,x,x,x,x,x,x,x,x,x,x,x,x,x,x,x,x,x,x,x,x,s30,s29,x,x,x,x,x,x,x,s28,s31,s32,s46,x,s37,s39,s41,s44,x,x,s45,x,x,x,x,x,x,x,x,x,x,x,x,x,x,x,x,x,x,x,x,x,121,35,x,x,111,14,18,20,21,22,23,24,25,26,27,33,34,38,x,40,x,x,x,42,43
x,x,s73,x,x,x,x,x,x,x,x,x,x,x,x,x,x,x,s36,x,x,x,x,x,x,x,x,x,x,x,x,x,x,x,x,x,x,x,x,s30,s29,x,x,x,x,x,x,x,s28,s31,s32,s46,x,s37,s39,s41,s44,x,x,s45,x,x,x,x,x,x,x,x,x,x,x,x,x,x,x,x,x,x,x,x,x,122,35,x,x,111,14,18,20,21,22,23,24,25,26,27,33,34,38,x,40,x,x,x,42,43
x,x,s73,x,x,x,x,x,x,x,x,x,x,x,x,x,x,x,s36,x,x,x,x,x,x,x,x,x,x,x,x,x,x,x,x,x,x,x,x,s30,s29,x,x,x,x,x,x,x,s28,s31,s32,s46,x,s37,s39,s41,s44,x,x,s45,x,x,x,x,x,x,x,x,x,x,x,x,x,x,x,x,x,x,x,x,x,123,35,x,x,111,14,18,20,21,22,23,24,25,26,27,33,34,38,x,40,x,x,x,42,43
x,x,s73,x,x,x,x,x,x,x,x,x,x,x,x,x,x,x,s36,x,x,x,x,x,x,x,x,x,x,x,x,x,x,x,x,x,x,x,x,s30,s29,x,x,x,x,x,x,x,s28,s31,s32,s46,x,s37,s39,s41,s44,x,x,s45,x,x,x,x,x,x,x,x,x,x,x,x,x,x,x,x,x,x,x,x,x,124,35,x,x,111,14,18,20,21,22,23,24,25,26,27,33,34,38,x,40,x,x,x,42,43
x,x,s73,x,x,x,x,x,x,x,x,x,x,x,x,x,x,x,s36,x,x,x,x,x,x,x,x,x,x,x,x,x,x,x,x,x,x,x,x,s30,s29,x,x,x,x,x,x,x,s28,s31,s32,s46,x,s37,s39,s41,s44,x,x,s45,x,x,x,x,x,x,x,x,x,x,x,x,x,x,x,x,x,x,x,x,x,125,35,x,x,111,14,18,20,21,22,23,24,25,26,27,33,34,38,x,40,x,x,x,42,43
x,x,s126,x,x,x,x,x,x,x,x,x,x,x,x,x,x,x,x,x,x,x,x,x,x,x,x,x,x,x,x,x,x,x,x,x,x,x,x,x,x,x,x,x,x,x,x,x,x,x,x,x,x,x,x,x,x,x,x,x,x,x,x,x,x,x,x,x,x,x,x,x,x,x,x,x,x,x,x,x,x,x,x,x,x,x,x,x,x,x,x,x,x,x,x,x,x,x,x,x,x,x,x,x,x,x
r10,x,x,s67,x,x,x,x,x,x,x,x,x,x,x,x,x,x,x,x,x,x,x,x,x,x,x,x,x,x,x,x,x,x,x,x,x,x,x,x,x,x,x,x,x,x,x,x,x,x,x,x,x,x,x,x,x,x,x,x,x,x,x,x,x,x,x,x,x,x,x,x,x,x,x,x,x,x,x,x,x,x,x,x,x,x,x,x,x,x,x,x,x,x,x,x,x,x,x,x,x,x,x,x,x,x
r11,x,x,r11,x,x,x,x,x,x,x,x,x,x,x,x,x,x,x,x,x,x,x,x,x,x,x,x,x,x,x,x,x,x,x,x,x,x,x,x,x,x,x,x,x,x,x,x,x,x,x,x,x,x,x,x,x,x,x,x,x,x,x,x,x,x,x,x,x,x,x,x,x,x,x,x,x,x,x,x,x,x,x,x,x,x,x,x,x,x,x,x,x,x,x,x,x,x,x,x,x,x,x,x,x,x
x,x,s73,x,x,x,x,x,x,x,x,x,x,x,x,x,x,x,s36,x,x,x,x,x,x,x,x,x,x,x,x,x,x,x,x,x,x,x,x,s30,s29,x,x,x,x,x,x,x,s28,s31,s32,s46,x,s37,s39,s41,s44,x,x,s45,x,x,x,x,x,x,x,x,x,x,x,x,x,x,x,x,x,x,x,x,x,x,35,x,x,127,14,18,20,21,22,23,24,25,26,27,33,34,38,x,40,x,x,x,42,43
x,x,s73,x,x,x,x,x,x,x,x,x,x,x,x,x,x,x,s36,x,x,x,x,x,x,x,x,x,x,x,x,x,x,x,x,x,x,x,x,s30,s29,x,x,x,x,x,x,x,s28,s31,s32,s46,x,s37,s39,s41,s44,x,x,s45,x,x,x,x,x,x,x,x,x,x,x,x,x,x,x,x,x,x,x,x,x,x,35,x,x,x,x,128,20,21,22,23,24,25,26,27,33,34,38,x,40,x,x,x,42,43
s129,x,x,x,x,x,x,x,x,x,x,x,x,x,x,x,x,x,x,x,x,x,x,x,x,x,x,x,x,x,x,x,x,x,x,x,x,x,x,x,x,x,x,x,x,x,x,x,x,x,x,x,x,x,x,x,x,x,x,x,x,x,x,x,x,x,x,x,x,x,x,x,x,x,x,x,x,x,x,x,x,x,x,x,x,x,x,x,x,x,x,x,x,x,x,x,x,x,x,x,x,x,x,x,x,x
r98,x,x,r98,x,x,x,x,x,x,x,x,x,x,x,x,x,x,s77,r98,x,x,x,x,x,x,x,r98,r98,r98,r98,r98,r98,r98,r98,r98,r98,r98,r98,r98,r98,r98,r98,r98,r98,r98,r98,r98,x,s76,s75,r98,r98,x,x,x,x,x,x,x,x,x,x,x,x,x,x,x,x,x,x,x,x,x,x,x,x,x,x,x,x,x,x,x,x,x,x,x,x,x,x,x,x,x,x,x,x,x,x,x,x,x,x,x,x,x
x,x,x,x,x,x,x,x,x,x,x,x,x,x,x,x,x,x,x,x,x,x,x,s130,s131,x,x,x,x,x,x,x,x,x,x,x,x,x,x,x,x,x,x,x,x,x,x,x,x,x,x,x,x,x,x,x,x,x,x,x,x,x,x,x,x,x,x,x,x,x,x,x,x,x,x,x,x,x,x,x,x,x,x,x,x,x,x,x,x,x,x,x,x,x,x,x,x,x,x,x,x,x,x,x,x,x
r99,x,x,r99,x,x,x,x,x,x,x,x,x,x,x,x,x,x,x,r99,x,x,x,x,x,x,x,r99,r99,r99,r99,r99,r99,r99,r99,r99,r99,r99,r99,r99,r99,r99,r99,r99,r99,r99,r99,r99,x,x,x,r99,r99,x,x,x,x,x,x,x,x,x,x,x,x,x,x,x,x,x,x,x,x,x,x,x,x,x,x,x,x,x,x,x,x,x,x,x,x,x,x,x,x,x,x,x,x,x,x,x,x,x,x,x,x,x
r100,x,x,r100,x,x,x,x,x,x,x,x,x,x,x,x,x,x,x,r100,x,x,x,x,x,x,x,r100,r100,r100,r100,r100,r100,r100,r100,r100,r100,r100,r100,r100,r100,r100,r100,r100,r100,r100,r100,r100,x,x,x,r100,r100,x,x,x,x,x,x,x,x,x,x,x,x,x,x,x,x,x,x,x,x,x,x,x,x,x,x,x,x,x,x,x,x,x,x,x,x,x,x,x,x,x,x,x,x,x,x,x,x,x,x,x,x,x
x,x,s135,x,x,x,x,x,x,x,x,x,x,x,x,x,x,x,s36,r53,x,x,x,x,x,x,x,x,x,x,x,x,x,x,x,x,x,x,x,s30,s29,x,x,x,x,x,x,x,s28,s31,s32,s46,x,s37,s39,s41,s44,x,x,s45,x,x,x,x,x,x,x,x,x,x,x,x,x,x,x,x,x,x,x,x,x,133,35,132,134,111,14,18,20,21,22,23,24,25,26,27,33,34,38,x,40,x,x,x,42,43
x,x,s73,x,x,x,x,x,x,x,x,x,x,x,x,x,x,x,s36,x,x,x,x,x,x,x,x,x,x,x,x,x,x,x,x,x,x,x,x,s30,s29,x,x,x,x,x,x,x,s28,s31,s32,s46,x,s37,s39,s41,s44,x,x,s45,x,x,x,x,x,x,x,x,x,x,x,x,x,x,x,x,x,x,x,x,x,x,35,x,x,x,x,x,136,21,22,23,24,25,26,27,33,34,38,x,40,x,x,x,42,43
x,x,s73,x,x,x,x,x,x,x,x,x,x,x,x,x,x,x,s36,x,x,x,x,x,x,x,x,x,x,x,x,x,x,x,x,x,x,x,x,s30,s29,x,x,x,x,x,x,x,s28,s31,s32,s46,x,s37,s39,s41,s44,x,x,s45,x,x,x,x,x,x,x,x,x,x,x,x,x,x,x,x,x,x,x,x,x,x,35,x,x,137,14,18,20,21,22,23,24,25,26,27,33,34,38,x,40,x,x,x,42,43
x,x,s73,x,x,x,x,x,x,x,x,x,x,x,x,x,x,x,s36,x,x,x,x,x,x,x,x,x,x,x,x,x,x,x,x,x,x,x,x,s30,s29,x,x,x,x,x,x,x,s28,s31,s32,s46,x,s37,s39,s41,s44,x,x,s45,x,x,x,x,x,x,x,x,x,x,x,x,x,x,x,x,x,x,x,x,x,x,35,x,x,x,x,x,x,138,22,23,24,25,26,27,33,34,38,x,40,x,x,x,42,43
x,x,s73,x,x,x,x,x,x,x,x,x,x,x,x,x,x,x,s36,x,x,x,x,x,x,x,x,x,x,x,x,x,x,x,x,x,x,x,x,s30,s29,x,x,x,x,x,x,x,s28,s31,s32,s46,x,s37,s39,s41,s44,x,x,s45,x,x,x,x,x,x,x,x,x,x,x,x,x,x,x,x,x,x,x,x,x,x,35,x,x,x,x,x,x,x,139,23,24,25,26,27,33,34,38,x,40,x,x,x,42,43
x,x,s73,x,x,x,x,x,x,x,x,x,x,x,x,x,x,x,s36,x,x,x,x,x,x,x,x,x,x,x,x,x,x,x,x,x,x,x,x,s30,s29,x,x,x,x,x,x,x,s28,s31,s32,s46,x,s37,s39,s41,s44,x,x,s45,x,x,x,x,x,x,x,x,x,x,x,x,x,x,x,x,x,x,x,x,x,x,35,x,x,x,x,x,x,x,x,140,24,25,26,27,33,34,38,x,40,x,x,x,42,43
x,x,s73,x,x,x,x,x,x,x,x,x,x,x,x,x,x,x,s36,x,x,x,x,x,x,x,x,x,x,x,x,x,x,x,x,x,x,x,x,s30,s29,x,x,x,x,x,x,x,s28,s31,s32,s46,x,s37,s39,s41,s44,x,x,s45,x,x,x,x,x,x,x,x,x,x,x,x,x,x,x,x,x,x,x,x,x,x,35,x,x,x,x,x,x,x,x,x,141,25,26,27,33,34,38,x,40,x,x,x,42,43
x,x,s73,x,x,x,x,x,x,x,x,x,x,x,x,x,x,x,s36,x,x,x,x,x,x,x,x,x,x,x,x,x,x,x,x,x,x,x,x,s30,s29,x,x,x,x,x,x,x,s28,s31,s32,s46,x,s37,s39,s41,s44,x,x,s45,x,x,x,x,x,x,x,x,x,x,x,x,x,x,x,x,x,x,x,x,x,x,35,x,x,x,x,x,x,x,x,x,142,25,26,27,33,34,38,x,40,x,x,x,42,43
x,x,s73,x,x,x,x,x,x,x,x,x,x,x,x,x,x,x,s36,x,x,x,x,x,x,x,x,x,x,x,x,x,x,x,x,x,x,x,x,s30,s29,x,x,x,x,x,x,x,s28,s31,s32,s46,x,s37,s39,s41,s44,x,x,s45,x,x,x,x,x,x,x,x,x,x,x,x,x,x,x,x,x,x,x,x,x,x,35,x,x,x,x,x,x,x,x,x,143,25,26,27,33,34,38,x,40,x,x,x,42,43
x,x,s73,x,x,x,x,x,x,x,x,x,x,x,x,x,x,x,s36,x,x,x,x,x,x,x,x,x,x,x,x,x,x,x,x,x,x,x,x,s30,s29,x,x,x,x,x,x,x,s28,s31,s32,s46,x,s37,s39,s41,s44,x,x,s45,x,x,x,x,x,x,x,x,x,x,x,x,x,x,x,x,x,x,x,x,x,x,35,x,x,x,x,x,x,x,x,x,x,144,26,27,33,34,38,x,40,x,x,x,42,43
x,x,s73,x,x,x,x,x,x,x,x,x,x,x,x,x,x,x,s36,x,x,x,x,x,x,x,x,x,x,x,x,x,x,x,x,x,x,x,x,s30,s29,x,x,x,x,x,x,x,s28,s31,s32,s46,x,s37,s39,s41,s44,x,x,s45,x,x,x,x,x,x,x,x,x,x,x,x,x,x,x,x,x,x,x,x,x,x,35,x,x,x,x,x,x,x,x,x,x,145,26,27,33,34,38,x,40,x,x,x,42,43
x,x,s73,x,x,x,x,x,x,x,x,x,x,x,x,x,x,x,s36,x,x,x,x,x,x,x,x,x,x,x,x,x,x,x,x,x,x,x,x,s30,s29,x,x,x,x,x,x,x,s28,s31,s32,s46,x,s37,s39,s41,s44,x,x,s45,x,x,x,x,x,x,x,x,x,x,x,x,x,x,x,x,x,x,x,x,x,x,35,x,x,x,x,x,x,x,x,x,x,146,26,27,33,34,38,x,40,x,x,x,42,43
x,x,s73,x,x,x,x,x,x,x,x,x,x,x,x,x,x,x,s36,x,x,x,x,x,x,x,x,x,x,x,x,x,x,x,x,x,x,x,x,s30,s29,x,x,x,x,x,x,x,s28,s31,s32,s46,x,s37,s39,s41,s44,x,x,s45,x,x,x,x,x,x,x,x,x,x,x,x,x,x,x,x,x,x,x,x,x,x,35,x,x,x,x,x,x,x,x,x,x,147,26,27,33,34,38,x,40,x,x,x,42,43
x,x,s73,x,x,x,x,x,x,x,x,x,x,x,x,x,x,x,s36,x,x,x,x,x,x,x,x,x,x,x,x,x,x,x,x,x,x,x,x,s30,s29,x,x,x,x,x,x,x,s28,s31,s32,s46,x,s37,s39,s41,s44,x,x,s45,x,x,x,x,x,x,x,x,x,x,x,x,x,x,x,x,x,x,x,x,x,x,35,x,x,x,x,x,x,x,x,x,x,x,148,27,33,34,38,x,40,x,x,x,42,43
x,x,s73,x,x,x,x,x,x,x,x,x,x,x,x,x,x,x,s36,x,x,x,x,x,x,x,x,x,x,x,x,x,x,x,x,x,x,x,x,s30,s29,x,x,x,x,x,x,x,s28,s31,s32,s46,x,s37,s39,s41,s44,x,x,s45,x,x,x,x,x,x,x,x,x,x,x,x,x,x,x,x,x,x,x,x,x,x,35,x,x,x,x,x,x,x,x,x,x,x,149,27,33,34,38,x,40,x,x,x,42,43
x,x,s73,x,x,x,x,x,x,x,x,x,x,x,x,x,x,x,s36,x,x,x,x,x,x,x,x,x,x,x,x,x,x,x,x,x,x,x,x,s30,s29,x,x,x,x,x,x,x,s28,s31,s32,s46,x,s37,s39,s41,s44,x,x,s45,x,x,x,x,x,x,x,x,x,x,x,x,x,x,x,x,x,x,x,x,x,x,35,x,x,x,x,x,x,x,x,x,x,x,150,27,33,34,38,x,40,x,x,x,42,43
x,x,s73,x,x,x,x,x,x,x,x,x,x,x,x,x,x,x,s36,x,x,x,x,x,x,x,x,x,x,x,x,x,x,x,x,x,x,x,x,s30,s29,x,x,x,x,x,x,x,s28,s31,s32,s46,x,s37,s39,s41,s44,x,x,s45,x,x,x,x,x,x,x,x,x,x,x,x,x,x,x,x,x,x,x,x,x,x,35,x,x,x,x,x,x,x,x,x,x,x,151,27,33,34,38,x,40,x,x,x,42,43
x,x,s73,x,x,x,x,x,x,x,x,x,x,x,x,x,x,x,s36,x,x,x,x,x,x,x,x,x,x,x,x,x,x,x,x,x,x,x,x,s30,s29,x,x,x,x,x,x,x,s28,s31,s32,s46,x,s37,s39,s41,s44,x,x,s45,x,x,x,x,x,x,x,x,x,x,x,x,x,x,x,x,x,x,x,x,x,x,35,x,x,x,x,x,x,x,x,x,x,x,x,152,33,34,38,x,40,x,x,x,42,43
x,x,s73,x,x,x,x,x,x,x,x,x,x,x,x,x,x,x,s36,x,x,x,x,x,x,x,x,x,x,x,x,x,x,x,x,x,x,x,x,s30,s29,x,x,x,x,x,x,x,s28,s31,s32,s46,x,s37,s39,s41,s44,x,x,s45,x,x,x,x,x,x,x,x,x,x,x,x,x,x,x,x,x,x,x,x,x,x,35,x,x,x,x,x,x,x,x,x,x,x,x,153,33,34,38,x,40,x,x,x,42,43
x,x,s73,x,x,x,x,x,x,x,x,x,x,x,x,x,x,x,s36,x,x,x,x,x,x,x,x,x,x,x,x,x,x,x,x,x,x,x,x,s30,s29,x,x,x,x,x,x,x,s28,s31,s32,s46,x,s37,s39,s41,s44,x,x,s45,x,x,x,x,x,x,x,x,x,x,x,x,x,x,x,x,x,x,x,x,x,x,35,x,x,x,x,x,x,x,x,x,x,x,x,154,33,34,38,x,40,x,x,x,42,43
x,x,s73,x,x,x,x,x,x,x,x,x,x,x,x,x,x,x,s36,x,x,x,x,x,x,x,x,x,x,x,x,x,x,x,x,x,x,x,x,s30,s29,x,x,x,x,x,x,x,s28,s31,s32,s46,x,s37,s39,s41,s44,x,x,s45,x,x,x,x,x,x,x,x,x,x,x,x,x,x,x,x,x,x,x,x,x,x,35,x,x,x,x,x,x,x,x,x,x,x,x,155,33,34,38,x,40,x,x,x,42,43
x,x,s73,x,x,x,x,x,x,x,x,x,x,x,x,x,x,x,s36,x,x,x,x,x,x,x,x,x,x,x,x,x,x,x,x,x,x,x,x,s30,s29,x,x,x,x,x,x,x,s28,s31,s32,s46,x,s37,s39,s41,s44,x,x,s45,x,x,x,x,x,x,x,x,x,x,x,x,x,x,x,x,x,x,x,x,x,x,35,x,x,x,x,x,x,x,x,x,x,x,x,156,33,34,38,x,40,x,x,x,42,43
r90,x,x,r90,x,x,x,x,x,x,x,x,x,x,x,x,x,x,x,r90,x,x,x,x,x,x,x,r90,r90,r90,r90,r90,r90,r90,r90,r90,r90,r90,r90,r90,r90,r90,r90,r90,r90,r90,r90,r90,x,x,x,x,r90,x,x,x,x,x,x,x,x,x,x,x,x,x,x,x,x,x,x,x,x,x,x,x,x,x,x,x,x,x,x,x,x,x,x,x,x,x,x,x,x,x,x,x,x,x,x,x,x,x,x,x,x,x
r91,x,x,r91,x,x,x,x,x,x,x,x,x,x,x,x,x,x,x,r91,x,x,x,x,x,x,x,r91,r91,r91,r91,r91,r91,r91,r91,r91,r91,r91,r91,r91,r91,r91,r91,r91,r91,r91,r91,r91,x,x,x,x,r91,x,x,x,x,x,x,x,x,x,x,x,x,x,x,x,x,x,x,x,x,x,x,x,x,x,x,x,x,x,x,x,x,x,x,x,x,x,x,x,x,x,x,x,x,x,x,x,x,x,x,x,x,x
r92,x,x,r92,x,x,x,x,x,x,x,x,x,x,x,x,x,x,x,r92,x,x,x,x,x,x,x,r92,r92,r92,r92,r92,r92,r92,r92,r92,r92,r92,r92,r92,r92,r92,r92,r92,r92,r92,r92,r92,x,x,x,x,r92,x,x,x,x,x,x,x,x,x,x,x,x,x,x,x,x,x,x,x,x,x,x,x,x,x,x,x,x,x,x,x,x,x,x,x,x,x,x,x,x,x,x,x,x,x,x,x,x,x,x,x,x,x
r93,x,x,r93,x,x,x,x,x,x,x,x,x,x,x,x,x,x,x,r93,x,x,x,x,x,x,x,r93,r93,r93,r93,r93,r93,r93,r93,r93,r93,r93,r93,r93,r93,r93,r93,r93,r93,r93,r93,r93,x,x,x,x,r93,x,x,x,x,x,x,x,x,x,x,x,x,x,x,x,x,x,x,x,x,x,x,x,x,x,x,x,x,x,x,x,x,x,x,x,x,x,x,x,x,x,x,x,x,x,x,x,x,x,x,x,x,x
r94,x,x,r94,x,x,x,x,x,x,x,x,x,x,x,x,x,x,x,r94,x,x,x,x,x,x,x,r94,r94,r94,r94,r94,r94,r94,r94,r94,r94,r94,r94,r94,r94,r94,r94,r94,r94,r94,r94,r94,x,x,x,x,r94,x,x,x,x,x,x,x,x,x,x,x,x,x,x,x,x,x,x,x,x,x,x,x,x,x,x,x,x,x,x,x,x,x,x,x,x,x,x,x,x,x,x,x,x,x,x,x,x,x,x,x,x,x
x,x,s73,x,x,x,x,x,x,x,x,x,x,x,x,x,x,x,s36,x,x,x,x,x,x,x,x,x,x,x,x,x,x,x,x,x,x,x,x,s30,s29,x,x,x,x,x,x,x,s28,s31,s32,s46,x,s37,s39,s41,s44,x,x,s45,x,x,x,x,x,x,x,x,x,x,x,x,x,x,x,x,x,x,x,x,x,x,35,x,x,157,14,18,20,21,22,23,24,25,26,27,33,34,38,x,40,x,x,x,42,43
x,x,x,s159,x,x,x,x,x,x,x,x,x,x,x,x,x,x,x,s158,x,x,x,x,x,x,x,x,x,x,x,x,x,x,x,x,x,x,x,x,x,x,x,x,x,x,x,x,x,x,x,x,x,x,x,x,x,x,x,x,x,x,x,x,x,x,x,x,x,x,x,x,x,x,x,x,x,x,x,x,x,x,x,x,x,x,x,x,x,x,x,x,x,x,x,x,x,x,x,x,x,x,x,x,x,x
x,x,x,x,x,x,x,x,x,x,x,x,x,x,x,x,x,x,x,s160,x,x,x,x,x,x,x,x,x,x,x,x,x,x,x,x,x,x,x,x,x,x,x,x,x,x,x,x,x,x,x,x,x,x,x,x,x,x,x,x,x,x,x,x,x,x,x,x,x,x,x,x,x,x,x,x,x,x,x,x,x,x,x,x,x,x,x,x,x,x,x,x,x,x,x,x,x,x,x,x,x,x,x,x,x,x
x,x,s73,x,x,x,x,x,x,x,x,x,x,x,x,x,x,x,s36,x,x,x,x,x,x,x,x,x,x,x,x,x,x,x,x,x,x,x,x,s30,s29,x,x,x,x,x,x,x,s28,s31,s32,s46,x,s37,s39,s41,s44,x,x,s45,x,x,x,x,x,x,x,x,x,x,x,x,x,x,x,x,x,x,x,x,x,x,35,x,x,161,14,18,20,21,22,23,24,25,26,27,33,34,38,x,40,x,x,x,42,43
x,x,x,x,x,x,x,x,x,x,x,x,x,x,x,x,x,x,x,x,x,x,x,x,x,x,x,x,x,x,x,x,x,x,x,x,x,x,x,x,x,x,x,x,x,x,x,x,x,x,x,x,x,x,x,x,s162,x,x,x,x,x,x,x,x,x,x,x,x,x,x,x,x,x,x,x,x,x,x,x,x,x,x,x,x,x,x,x,x,x,x,x,x,x,x,x,x,x,x,x,x,x,x,x,x,x
x,x,x,x,x,x,x,x,x,x,x,x,x,x,x,x,x,x,x,x,x,x,x,x,x,x,x,x,x,x,x,x,x,x,x,x,x,x,x,x,x,x,x,x,x,x,x,x,x,x,x,x,x,x,x,x,x,s164,x,s163,x,x,x,x,x,x,x,x,x,x,x,x,x,x,x,x,x,x,x,x,x,x,x,x,x,x,x,x,x,x,x,x,x,x,x,x,x,x,x,x,x,x,x,x,x,x
x,x,x,s166,x,x,x,x,x,x,x,x,x,x,x,x,x,x,x,x,x,x,x,x,x,x,x,x,x,x,x,x,x,x,x,x,x,x,x,x,x,x,x,x,x,x,x,x,x,x,x,x,s165,x,x,x,x,x,x,x,x,x,x,x,x,x,x,x,x,x,x,x,x,x,x,x,x,x,x,x,x,x,x,x,x,x,x,x,x,x,x,x,x,x,x,x,x,x,x,x,x,x,x,x,x,x
r51,x,x,r51,x,x,x,x,x,x,x,x,x,x,x,x,x,x,x,r51,x,x,x,x,x,x,x,x,x,x,x,x,x,x,x,x,x,x,x,x,x,x,x,x,x,x,x,x,x,x,x,x,r51,x,x,x,x,x,x,x,x,x,x,x,x,x,x,x,x,x,x,x,x,x,x,x,x,x,x,x,x,x,x,x,x,x,x,x,x,x,x,x,x,x,x,x,x,x,x,x,x,x,x,x,x,x
x,s172,x,x,x,x,x,x,x,x,x,x,x,x,x,x,x,x,x,r40,x,x,x,x,x,x,x,x,x,x,x,x,x,x,x,x,x,x,x,x,x,x,x,x,x,x,x,x,x,x,x,x,x,x,x,x,x,x,x,x,x,x,x,x,x,x,x,x,x,x,x,x,x,x,x,x,167,168,170,169,171,x,x,x,x,x,x,x,x,x,x,x,x,x,x,x,x,x,x,x,x,x,x,x,x,x
r13,x,x,s166,x,x,x,x,x,x,x,x,x,x,x,x,x,x,x,x,x,x,x,x,x,x,x,x,x,x,x,x,x,x,x,x,x,x,x,x,x,x,x,x,x,x,x,x,x,x,x,x,x,x,x,x,x,x,x,x,x,x,x,x,x,x,x,x,x,x,x,x,x,x,x,x,x,x,x,x,x,x,x,x,x,x,x,x,x,x,x,x,x,x,x,x,x,x,x,x,x,x,x,x,x,x
r14,x,x,s166,x,x,x,x,x,x,x,x,x,x,x,x,x,x,x,x,x,x,x,x,x,x,x,x,x,x,x,x,x,x,x,x,x,x,x,x,x,x,x,x,x,x,x,x,x,x,x,x,x,x,x,x,x,x,x,x,x,x,x,x,x,x,x,x,x,x,x,x,x,x,x,x,x,x,x,x,x,x,x,x,x,x,x,x,x,x,x,x,x,x,x,x,x,x,x,x,x,x,x,x,x,x
r15,x,x,s166,x,x,x,x,x,x,x,x,x,x,x,x,x,x,x,x,x,x,x,x,x,x,x,x,x,x,x,x,x,x,x,x,x,x,x,x,x,x,x,x,x,x,x,x,x,x,x,x,x,x,x,x,x,x,x,x,x,x,x,x,x,x,x,x,x,x,x,x,x,x,x,x,x,x,x,x,x,x,x,x,x,x,x,x,x,x,x,x,x,x,x,x,x,x,x,x,x,x,x,x,x,x
r16,x,x,s166,x,x,x,x,x,x,x,x,x,x,x,x,x,x,x,x,x,x,x,x,x,x,x,x,x,x,x,x,x,x,x,x,x,x,x,x,x,x,x,x,x,x,x,x,x,x,x,x,x,x,x,x,x,x,x,x,x,x,x,x,x,x,x,x,x,x,x,x,x,x,x,x,x,x,x,x,x,x,x,x,x,x,x,x,x,x,x,x,x,x,x,x,x,x,x,x,x,x,x,x,x,x
r17,x,x,s166,x,x,x,x,x,x,x,x,x,x,x,x,x,x,x,x,x,x,x,x,x,x,x,x,x,x,x,x,x,x,x,x,x,x,x,x,x,x,x,x,x,x,x,x,x,x,x,x,x,x,x,x,x,x,x,x,x,x,x,x,x,x,x,x,x,x,x,x,x,x,x,x,x,x,x,x,x,x,x,x,x,x,x,x,x,x,x,x,x,x,x,x,x,x,x,x,x,x,x,x,x,x
r20,x,x,s166,x,x,x,x,x,x,x,x,x,x,x,x,x,x,x,x,x,x,x,x,x,x,x,x,x,x,x,x,x,x,x,x,x,x,x,x,x,x,x,x,x,x,x,x,x,x,x,x,x,x,x,x,x,x,x,x,x,x,x,x,x,x,x,x,x,x,x,x,x,x,x,x,x,x,x,x,x,x,x,x,x,x,x,x,x,x,x,x,x,x,x,x,x,x,x,x,x,x,x,x,x,x
r21,x,x,s166,x,x,x,x,x,x,x,x,x,x,x,x,x,x,x,x,x,x,x,x,x,x,x,x,x,x,x,x,x,x,x,x,x,x,x,x,x,x,x,x,x,x,x,x,x,x,x,x,x,x,x,x,x,x,x,x,x,x,x,x,x,x,x,x,x,x,x,x,x,x,x,x,x,x,x,x,x,x,x,x,x,x,x,x,x,x,x,x,x,x,x,x,x,x,x,x,x,x,x,x,x,x
r22,x,x,s166,x,x,x,x,x,x,x,x,x,x,x,x,x,x,x,x,x,x,x,x,x,x,x,x,x,x,x,x,x,x,x,x,x,x,x,x,x,x,x,x,x,x,x,x,x,x,x,x,x,x,x,x,x,x,x,x,x,x,x,x,x,x,x,x,x,x,x,x,x,x,x,x,x,x,x,x,x,x,x,x,x,x,x,x,x,x,x,x,x,x,x,x,x,x,x,x,x,x,x,x,x,x
r23,x,x,s166,x,x,x,x,x,x,x,x,x,x,x,x,x,x,x,x,x,x,x,x,x,x,x,x,x,x,x,x,x,x,x,x,x,x,x,x,x,x,x,x,x,x,x,x,x,x,x,x,x,x,x,x,x,x,x,x,x,x,x,x,x,x,x,x,x,x,x,x,x,x,x,x,x,x,x,x,x,x,x,x,x,x,x,x,x,x,x,x,x,x,x,x,x,x,x,x,x,x,x,x,x,x
r24,x,x,s166,x,x,x,x,x,x,x,x,x,x,x,x,x,x,x,x,x,x,x,x,x,x,x,x,x,x,x,x,x,x,x,x,x,x,x,x,x,x,x,x,x,x,x,x,x,x,x,x,x,x,x,x,x,x,x,x,x,x,x,x,x,x,x,x,x,x,x,x,x,x,x,x,x,x,x,x,x,x,x,x,x,x,x,x,x,x,x,x,x,x,x,x,x,x,x,x,x,x,x,x,x,x
r25,x,x,s166,x,x,x,x,x,x,x,x,x,x,x,x,x,x,x,x,x,x,x,x,x,x,x,x,x,x,x,x,x,x,x,x,x,x,x,x,x,x,x,x,x,x,x,x,x,x,x,x,x,x,x,x,x,x,x,x,x,x,x,x,x,x,x,x,x,x,x,x,x,x,x,x,x,x,x,x,x,x,x,x,x,x,x,x,x,x,x,x,x,x,x,x,x,x,x,x,x,x,x,x,x,x
r26,x,x,s166,x,x,x,x,x,x,x,x,x,x,x,x,x,x,x,x,x,x,x,x,x,x,x,x,x,x,x,x,x,x,x,x,x,x,x,x,x,x,x,x,x,x,x,x,x,x,x,x,x,x,x,x,x,x,x,x,x,x,x,x,x,x,x,x,x,x,x,x,x,x,x,x,x,x,x,x,x,x,x,x,x,x,x,x,x,x,x,x,x,x,x,x,x,x,x,x,x,x,x,x,x,x
r27,x,x,s166,x,x,x,x,x,x,x,x,x,x,x,x,x,x,x,x,x,x,x,x,x,x,x,x,x,x,x,x,x,x,x,x,x,x,x,x,x,x,x,x,x,x,x,x,x,x,x,x,x,x,x,x,x,x,x,x,x,x,x,x,x,x,x,x,x,x,x,x,x,x,x,x,x,x,x,x,x,x,x,x,x,x,x,x,x,x,x,x,x,x,x,x,x,x,x,x,x,x,x,x,x,x
r12,x,x,r12,r12,r12,r12,r12,r12,r12,r12,r12,r12,r12,r12,r12,r12,x,x,x,x,x,x,x,x,x,x,x,x,x,x,x,x,x,x,x,x,x,x,x,x,x,x,x,x,x,x,x,x,x,x,x,x,x,x,x,x,x,x,x,x,x,x,x,x,x,x,x,x,x,x,x,x,x,x,x,x,x,x,x,x,x,x,x,x,x,x,x,x,x,x,x,x,x,x,x,x,x,x,x,x,x,x,x,x,x
x,x,x,x,x,x,x,x,x,x,x,x,x,x,x,x,x,x,x,s173,x,x,x,x,x,x,x,x,x,x,x,x,x,x,x,x,x,x,x,x,x,x,x,x,x,x,x,x,x,x,x,x,x,x,x,x,x,x,x,x,x,x,x,x,x,x,x,x,x,x,x,x,x,x,x,x,x,x,x,x,x,x,x,x,x,x,x,x,x,x,x,x,x,x,x,x,x,x,x,x,x,x,x,x,x,x
r60,x,x,r60,x,x,x,x,x,x,x,x,x,x,x,x,x,x,x,r60,x,x,x,x,x,x,x,r60,s78,x,x,x,x,x,x,x,x,x,x,x,x,x,x,x,x,x,x,x,x,x,x,x,r60,x,x,x,x,x,x,x,x,x,x,x,x,x,x,x,x,x,x,x,x,x,x,x,x,x,x,x,x,x,x,x,x,x,x,x,x,x,x,x,x,x,x,x,x,x,x,x,x,x,x,x,x,x
x,r34,r34,x,x,x,x,x,x,x,x,x,x,x,x,x,x,r34,r34,x,x,r34,r34,x,x,r34,r34,x,x,x,x,x,x,x,x,x,x,x,x,r34,r34,x,x,x,x,x,x,x,r34,r34,r34,r34,x,r34,r34,r34,r34,x,x,r34,r34,x,x,x,x,x,x,x,x,x,x,x,x,x,x,x,x,x,x,x,x,x,x,x,x,x,x,x,x,x,x,x,x,x,x,x,x,x,x,x,x,x,x,x,x,x
x,x,x,x,x,x,x,x,x,x,x,x,x,x,x,x,x,x,x,x,s174,x,x,x,x,x,x,x,x,x,x,x,x,x,x,x,x,x,x,x,x,x,x,x,x,x,x,x,x,x,x,x,x,x,x,x,x,x,x,x,x,x,x,x,x,x,x,x,x,x,x,x,x,x,x,x,x,x,x,x,x,x,x,x,x,x,x,x,x,x,x,x,x,x,x,x,x,x,x,x,x,x,x,x,x,x
x,x,x,x,x,x,x,x,x,x,x,x,x,x,x,x,x,x,s175,x,x,x,x,x,x,x,x,x,x,x,x,x,x,x,x,x,x,x,x,x,x,x,x,x,x,x,x,x,x,x,x,x,x,x,x,x,x,x,x,x,x,x,x,x,x,x,x,x,x,x,x,x,x,x,x,x,x,x,x,x,x,x,x,x,x,x,x,x,x,x,x,x,x,x,x,x,x,x,x,x,x,x,x,x,x,x
x,x,x,x,x,x,x,x,x,x,x,x,x,x,x,x,x,x,x,s176,x,x,x,x,x,x,x,x,x,x,x,x,x,x,x,x,x,x,x,x,x,x,x,x,x,x,x,x,x,x,x,x,x,x,x,x,x,x,x,x,x,x,x,x,x,x,x,x,x,x,x,x,x,x,x,x,x,x,x,x,x,x,x,x,x,x,x,x,x,x,x,x,x,x,x,x,x,x,x,x,x,x,x,x,x,x
x,x,x,s177,x,x,x,x,x,x,x,x,x,x,x,x,x,x,x,r54,x,x,x,x,x,x,x,x,x,x,x,x,x,x,x,x,x,x,x,x,x,x,x,x,x,x,x,x,x,x,x,x,x,x,x,x,x,x,x,x,x,x,x,x,x,x,x,x,x,x,x,x,x,x,x,x,x,x,x,x,x,x,x,x,x,x,x,x,x,x,x,x,x,x,x,x,x,x,x,x,x,x,x,x,x,x
x,x,x,s178,x,x,x,x,x,x,x,x,x,x,x,x,x,x,x,r55,x,x,x,x,x,x,x,x,x,x,x,x,x,x,x,x,x,x,x,x,x,x,x,x,x,x,x,x,x,x,x,x,x,x,x,x,x,x,x,x,x,x,x,x,x,x,x,x,x,x,x,x,x,x,x,x,x,x,x,x,x,x,x,x,x,x,x,x,x,x,x,x,x,x,x,x,x,x,x,x,x,x,x,x,x,x
x,x,x,r98,s179,x,x,x,x,x,x,x,x,x,x,x,x,x,s77,r98,x,x,x,x,x,x,x,r98,r98,r98,r98,r98,r98,r98,r98,r98,r98,r98,r98,r98,r98,r98,r98,r98,r98,r98,r98,r98,x,s76,s75,r98,x,x,x,x,x,x,x,x,x,x,x,x,x,x,x,x,x,x,x,x,x,x,x,x,x,x,x,x,x,x,x,x,x,x,x,x,x,x,x,x,x,x,x,x,x,x,x,x,x,x,x,x,x,x
r63,x,x,r63,x,x,x,x,x,x,x,x,x,x,x,x,x,x,x,r63,x,x,x,x,x,x,x,r63,r63,s80,x,x,x,x,x,x,x,x,x,x,x,x,x,x,x,x,x,x,x,x,x,x,r63,x,x,x,x,x,x,x,x,x,x,x,x,x,x,x,x,x,x,x,x,x,x,x,x,x,x,x,x,x,x,x,x,x,x,x,x,x,x,x,x,x,x,x,x,x,x,x,x,x,x,x,x,x
x,x,x,x,x,x,x,x,x,x,x,x,x,x,x,x,x,x,x,s180,x,x,x,x,x,x,x,x,x,x,x,x,x,x,x,x,x,x,x,x,x,x,x,x,x,x,x,x,x,x,x,x,x,x,x,x,x,x,x,x,x,x,x,x,x,x,x,x,x,x,x,x,x,x,x,x,x,x,x,x,x,x,x,x,x,x,x,x,x,x,x,x,x,x,x,x,x,x,x,x,x,x,x,x,x,x
r65,x,x,r65,x,x,x,x,x,x,x,x,x,x,x,x,x,x,x,r65,x,x,x,x,x,x,x,r65,r65,r65,s81,x,x,x,x,x,x,x,x,x,x,x,x,x,x,x,x,x,x,x,x,x,r65,x,x,x,x,x,x,x,x,x,x,x,x,x,x,x,x,x,x,x,x,x,x,x,x,x,x,x,x,x,x,x,x,x,x,x,x,x,x,x,x,x,x,x,x,x,x,x,x,x,x,x,x,x
r67,x,x,r67,x,x,x,x,x,x,x,x,x,x,x,x,x,x,x,r67,x,x,x,x,x,x,x,r67,r67,r67,r67,s82,x,x,x,x,x,x,x,x,x,x,x,x,x,x,x,x,x,x,x,x,r67,x,x,x,x,x,x,x,x,x,x,x,x,x,x,x,x,x,x,x,x,x,x,x,x,x,x,x,x,x,x,x,x,x,x,x,x,x,x,x,x,x,x,x,x,x,x,x,x,x,x,x,x,x
r69,x,x,r69,x,x,x,x,x,x,x,x,x,x,x,x,x,x,x,r69,x,x,x,x,x,x,x,r69,r69,r69,r69,r69,s83,s84,s85,x,x,x,x,x,x,x,x,x,x,x,x,x,x,x,x,x,r69,x,x,x,x,x,x,x,x,x,x,x,x,x,x,x,x,x,x,x,x,x,x,x,x,x,x,x,x,x,x,x,x,x,x,x,x,x,x,x,x,x,x,x,x,x,x,x,x,x,x,x,x,x
r70,x,x,r70,x,x,x,x,x,x,x,x,x,x,x,x,x,x,x,r70,x,x,x,x,x,x,x,r70,r70,r70,r70,r70,r70,r70,r70,s86,s87,s88,s89,x,x,x,x,x,x,x,x,x,x,x,x,x,r70,x,x,x,x,x,x,x,x,x,x,x,x,x,x,x,x,x,x,x,x,x,x,x,x,x,x,x,x,x,x,x,x,x,x,x,x,x,x,x,x,x,x,x,x,x,x,x,x,x,x,x,x,x
r71,x,x,r71,x,x,x,x,x,x,x,x,x,x,x,x,x,x,x,r71,x,x,x,x,x,x,x,r71,r71,r71,r71,r71,r71,r71,r71,s86,s87,s88,s89,x,x,x,x,x,x,x,x,x,x,x,x,x,r71,x,x,x,x,x,x,x,x,x,x,x,x,x,x,x,x,x,x,x,x,x,x,x,x,x,x,x,x,x,x,x,x,x,x,x,x,x,x,x,x,x,x,x,x,x,x,x,x,x,x,x,x,x
r72,x,x,r72,x,x,x,x,x,x,x,x,x,x,x,x,x,x,x,r72,x,x,x,x,x,x,x,r72,r72,r72,r72,r72,r72,r72,r72,s86,s87,s88,s89,x,x,x,x,x,x,x,x,x,x,x,x,x,r72,x,x,x,x,x,x,x,x,x,x,x,x,x,x,x,x,x,x,x,x,x,x,x,x,x,x,x,x,x,x,x,x,x,x,x,x,x,x,x,x,x,x,x,x,x,x,x,x,x,x,x,x,x
r74,x,x,r74,x,x,x,x,x,x,x,x,x,x,x,x,x,x,x,r74,x,x,x,x,x,x,x,r74,r74,r74,r74,r74,r74,r74,r74,r74,r74,r74,r74,s90,s91,s92,s93,x,x,x,x,x,x,x,x,x,r74,x,x,x,x,x,x,x,x,x,x,x,x,x,x,x,x,x,x,x,x,x,x,x,x,x,x,x,x,x,x,x,x,x,x,x,x,x,x,x,x,x,x,x,x,x,x,x,x,x,x,x,x,x
r75,x,x,r75,x,x,x,x,x,x,x,x,x,x,x,x,x,x,x,r75,x,x,x,x,x,x,x,r75,r75,r75,r75,r75,r75,r75,r75,r75,r75,r75,r75,s90,s91,s92,s93,x,x,x,x,x,x,x,x,x,r75,x,x,x,x,x,x,x,x,x,x,x,x,x,x,x,x,x,x,x,x,x,x,x,x,x,x,x,x,x,x,x,x,x,x,x,x,x,x,x,x,x,x,x,x,x,x,x,x,x,x,x,x,x
r76,x,x,r76,x,x,x,x,x,x,x,x,x,x,x,x,x,x,x,r76,x,x,x,x,x,x,x,r76,r76,r76,r76,r76,r76,r76,r76,r76,r76,r76,r76,s90,s91,s92,s93,x,x,x,x,x,x,x,x,x,r76,x,x,x,x,x,x,x,x,x,x,x,x,x,x,x,x,x,x,x,x,x,x,x,x,x,x,x,x,x,x,x,x,x,x,x,x,x,x,x,x,x,x,x,x,x,x,x,x,x,x,x,x,x
r77,x,x,r77,x,x,x,x,x,x,x,x,x,x,x,x,x,x,x,r77,x,x,x,x,x,x,x,r77,r77,r77,r77,r77,r77,r77,r77,r77,r77,r77,r77,s90,s91,s92,s93,x,x,x,x,x,x,x,x,x,r77,x,x,x,x,x,x,x,x,x,x,x,x,x,x,x,x,x,x,x,x,x,x,x,x,x,x,x,x,x,x,x,x,x,x,x,x,x,x,x,x,x,x,x,x,x,x,x,x,x,x,x,x,x
r79,x,x,r79,x,x,x,x,x,x,x,x,x,x,x,x,x,x,x,r79,x,x,x,x,x,x,x,r79,r79,r79,r79,r79,r79,r79,r79,r79,r79,r79,r79,r79,r79,r79,r79,s94,s95,s96,s97,s98,x,x,x,x,r79,x,x,x,x,x,x,x,x,x,x,x,x,x,x,x,x,x,x,x,x,x,x,x,x,x,x,x,x,x,x,x,x,x,x,x,x,x,x,x,x,x,x,x,x,x,x,x,x,x,x,x,x,x
r80,x,x,r80,x,x,x,x,x,x,x,x,x,x,x,x,x,x,x,r80,x,x,x,x,x,x,x,r80,r80,r80,r80,r80,r80,r80,r80,r80,r80,r80,r80,r80,r80,r80,r80,s94,s95,s96,s97,s98,x,x,x,x,r80,x,x,x,x,x,x,x,x,x,x,x,x,x,x,x,x,x,x,x,x,x,x,x,x,x,x,x,x,x,x,x,x,x,x,x,x,x,x,x,x,x,x,x,x,x,x,x,x,x,x,x,x,x
r81,x,x,r81,x,x,x,x,x,x,x,x,x,x,x,x,x,x,x,r81,x,x,x,x,x,x,x,r81,r81,r81,r81,r81,r81,r81,r81,r81,r81,r81,r81,r81,r81,r81,r81,s94,s95,s96,s97,s98,x,x,x,x,r81,x,x,x,x,x,x,x,x,x,x,x,x,x,x,x,x,x,x,x,x,x,x,x,x,x,x,x,x,x,x,x,x,x,x,x,x,x,x,x,x,x,x,x,x,x,x,x,x,x,x,x,x,x
r82,x,x,r82,x,x,x,x,x,x,x,x,x,x,x,x,x,x,x,r82,x,x,x,x,x,x,x,r82,r82,r82,r82,r82,r82,r82,r82,r82,r82,r82,r82,r82,r82,r82,r82,s94,s95,s96,s97,s98,x,x,x,x,r82,x,x,x,x,x,x,x,x,x,x,x,x,x,x,x,x,x,x,x,x,x,x,x,x,x,x,x,x,x,x,x,x,x,x,x,x,x,x,x,x,x,x,x,x,x,x,x,x,x,x,x,x,x
r84,x,x,r84,x,x,x,x,x,x,x,x,x,x,x,x,x,x,x,r84,x,x,x,x,x,x,x,r84,r84,r84,r84,r84,r84,r84,r84,r84,r84,r84,r84,r84,r84,r84,r84,r84,r84,r84,r84,r84,x,x,x,x,r84,x,x,x,x,x,x,x,x,x,x,x,x,x,x,x,x,x,x,x,x,x,x,x,x,x,x,x,x,x,x,x,x,x,x,x,x,x,x,x,x,x,x,x,x,x,x,x,x,x,x,x,x,x
r85,x,x,r85,x,x,x,x,x,x,x,x,x,x,x,x,x,x,x,r85,x,x,x,x,x,x,x,r85,r85,r85,r85,r85,r85,r85,r85,r85,r85,r85,r85,r85,r85,r85,r85,r85,r85,r85,r85,r85,x,x,x,x,r85,x,x,x,x,x,x,x,x,x,x,x,x,x,x,x,x,x,x,x,x,x,x,x,x,x,x,x,x,x,x,x,x,x,x,x,x,x,x,x,x,x,x,x,x,x,x,x,x,x,x,x,x,x
r86,x,x,r86,x,x,x,x,x,x,x,x,x,x,x,x,x,x,x,r86,x,x,x,x,x,x,x,r86,r86,r86,r86,r86,r86,r86,r86,r86,r86,r86,r86,r86,r86,r86,r86,r86,r86,r86,r86,r86,x,x,x,x,r86,x,x,x,x,x,x,x,x,x,x,x,x,x,x,x,x,x,x,x,x,x,x,x,x,x,x,x,x,x,x,x,x,x,x,x,x,x,x,x,x,x,x,x,x,x,x,x,x,x,x,x,x,x
r87,x,x,r87,x,x,x,x,x,x,x,x,x,x,x,x,x,x,x,r87,x,x,x,x,x,x,x,r87,r87,r87,r87,r87,r87,r87,r87,r87,r87,r87,r87,r87,r87,r87,r87,r87,r87,r87,r87,r87,x,x,x,x,r87,x,x,x,x,x,x,x,x,x,x,x,x,x,x,x,x,x,x,x,x,x,x,x,x,x,x,x,x,x,x,x,x,x,x,x,x,x,x,x,x,x,x,x,x,x,x,x,x,x,x,x,x,x
r88,x,x,r88,x,x,x,x,x,x,x,x,x,x,x,x,x,x,x,r88,x,x,x,x,x,x,x,r88,r88,r88,r88,r88,r88,r88,r88,r88,r88,r88,r88,r88,r88,r88,r88,r88,r88,r88,r88,r88,x,x,x,x,r88,x,x,x,x,x,x,x,x,x,x,x,x,x,x,x,x,x,x,x,x,x,x,x,x,x,x,x,x,x,x,x,x,x,x,x,x,x,x,x,x,x,x,x,x,x,x,x,x,x,x,x,x,x
x,x,x,x,x,x,x,x,x,x,x,x,x,x,x,x,x,x,x,x,x,x,x,x,x,x,x,x,x,x,x,x,x,x,x,x,x,x,x,x,x,x,x,x,x,x,x,x,x,x,x,x,s181,x,x,x,x,x,x,x,x,x,x,x,x,x,x,x,x,x,x,x,x,x,x,x,x,x,x,x,x,x,x,x,x,x,x,x,x,x,x,x,x,x,x,x,x,x,x,x,x,x,x,x,x,x
r102,x,x,r102,x,x,x,x,x,x,x,x,x,x,x,x,x,x,x,r102,x,x,x,x,x,x,x,r102,r102,r102,r102,r102,r102,r102,r102,r102,r102,r102,r102,r102,r102,r102,r102,r102,r102,r102,r102,r102,x,x,x,r102,r102,x,x,x,x,x,x,x,x,x,x,x,x,x,x,x,x,x,x,x,x,x,x,x,x,x,x,x,x,x,x,x,x,x,x,x,x,x,x,x,x,x,x,x,x,x,x,x,x,x,x,x,x,x
x,x,r120,x,x,x,x,x,x,x,x,x,x,x,x,x,x,x,r120,r116,x,x,x,x,x,x,x,x,x,x,x,x,x,x,x,x,x,x,x,r120,r120,x,x,x,x,x,x,x,r120,r120,r120,r120,x,r120,r120,r120,r120,x,x,r120,x,x,x,x,x,x,x,x,x,x,x,x,x,x,x,x,x,x,x,x,x,x,x,x,x,x,x,x,x,x,x,x,x,x,x,x,x,x,x,x,x,x,x,x,x,x
r121,x,x,r121,x,x,x,x,x,x,x,x,x,x,x,x,x,x,x,r121,x,x,x,x,x,x,x,r121,r121,r121,r121,r121,r121,r121,r121,r121,r121,r121,r121,r121,r121,r121,r121,r121,r121,r121,r121,r121,x,x,x,r121,r121,x,x,x,x,x,x,x,x,x,x,x,x,x,x,x,x,x,x,x,x,x,x,x,x,x,x,x,x,x,x,x,x,x,x,x,x,x,x,x,x,x,x,x,x,x,x,x,x,x,x,x,x,x
x,x,x,s182,x,x,x,x,x,x,x,x,x,x,x,x,x,x,x,r117,x,x,x,x,x,x,x,x,x,x,x,x,x,x,x,x,x,x,x,x,x,x,x,x,x,x,x,x,x,x,x,x,x,x,x,x,x,x,x,x,x,x,x,x,x,x,x,x,x,x,x,x,x,x,x,x,x,x,x,x,x,x,x,x,x,x,x,x,x,x,x,x,x,x,x,x,x,x,x,x,x,x,x,x,x,x
r110,x,x,r110,x,x,x,x,x,x,x,x,x,x,x,x,x,x,x,r110,x,x,x,x,x,x,x,r110,r110,r110,r110,r110,r110,r110,r110,r110,r110,r110,r110,r110,r110,r110,r110,r110,r110,r110,r110,r110,x,x,x,r110,r110,x,x,x,x,x,x,x,x,x,x,x,x,x,x,x,x,x,x,x,x,x,x,x,x,x,x,x,x,x,x,x,x,x,x,x,x,x,x,x,x,x,x,x,x,x,x,x,x,x,x,x,x,x
r112,x,x,r112,x,x,x,x,x,x,x,x,x,x,x,x,x,x,x,r112,x,x,x,x,x,x,x,r112,r112,r112,r112,r112,r112,r112,r112,r112,r112,r112,r112,r112,r112,r112,r112,r112,r112,r112,r112,r112,x,x,x,r112,r112,x,x,x,x,x,x,x,x,x,x,x,x,x,x,x,x,x,x,x,x,x,x,x,x,x,x,x,x,x,x,x,x,x,x,x,x,x,x,x,x,x,x,x,x,x,x,x,x,x,x,x,x,x
x,x,x,x,x,x,x,x,x,x,x,x,x,x,x,x,x,x,x,x,x,x,x,x,x,x,x,x,x,x,x,x,x,x,x,x,x,x,x,x,x,x,x,x,x,x,x,x,x,x,x,x,x,x,x,x,x,r113,x,r113,x,x,x,x,x,x,x,x,x,x,x,x,x,x,x,x,x,x,x,x,x,x,x,x,x,x,x,x,x,x,x,x,x,x,x,x,x,x,x,x,x,x,x,x,x,x
r122,x,x,r122,x,x,x,x,x,x,x,x,x,x,x,x,x,x,x,r122,x,x,x,x,x,x,x,r122,r122,r122,r122,r122,r122,r122,r122,r122,r122,r122,r122,r122,r122,r122,r122,r122,r122,r122,r122,r122,x,x,x,r122,r122,x,x,x,x,x,x,x,x,x,x,x,x,x,x,x,x,x,x,x,x,x,x,x,x,x,x,x,x,x,x,x,x,x,x,x,x,x,x,x,x,x,x,x,x,x,x,x,x,x,x,x,x,x
x,x,s73,x,x,x,x,x,x,x,x,x,x,x,x,x,x,x,s36,x,x,x,x,x,x,x,x,x,x,x,x,x,x,x,x,x,x,x,x,s30,s29,x,x,x,x,x,x,x,s28,s31,s32,s46,x,s37,s39,s41,s44,x,x,s45,x,x,x,x,x,x,x,x,x,x,x,x,x,x,x,x,x,x,x,x,x,x,35,x,x,183,14,18,20,21,22,23,24,25,26,27,33,34,38,x,40,x,x,x,42,43
x,x,x,x,x,x,x,x,x,x,x,x,x,x,x,x,x,x,x,s184,x,x,x,x,x,x,x,x,x,x,x,x,x,x,x,x,x,x,x,x,x,x,x,x,x,x,x,x,x,x,x,x,x,x,x,x,x,x,x,x,x,x,x,x,x,x,x,x,x,x,x,x,x,x,x,x,x,x,x,x,x,x,x,x,x,x,x,x,x,x,x,x,x,x,x,x,x,x,x,x,x,x,x,x,x,x
x,x,x,s185,x,x,x,x,x,x,x,x,x,x,x,x,x,x,x,r41,x,x,x,x,x,x,x,x,x,x,x,x,x,x,x,x,x,x,x,x,x,x,x,x,x,x,x,x,x,x,x,x,x,x,x,x,x,x,x,x,x,x,x,x,x,x,x,x,x,x,x,x,x,x,x,x,x,x,x,x,x,x,x,x,x,x,x,x,x,x,x,x,x,x,x,x,x,x,x,x,x,x,x,x,x,x
x,x,x,s186,x,x,x,x,x,x,x,x,x,x,x,x,x,x,x,r42,x,x,x,x,x,x,x,x,x,x,x,x,x,x,x,x,x,x,x,x,x,x,x,x,x,x,x,x,x,x,x,x,x,x,x,x,x,x,x,x,x,x,x,x,x,x,x,x,x,x,x,x,x,x,x,x,x,x,x,x,x,x,x,x,x,x,x,x,x,x,x,x,x,x,x,x,x,x,x,x,x,x,x,x,x,x
x,x,x,r44,x,x,x,x,x,x,x,x,x,x,x,x,x,x,x,r44,x,x,x,x,x,x,x,x,x,x,x,x,x,x,x,x,x,x,x,x,x,x,x,x,x,x,x,x,x,x,x,x,x,x,x,x,x,x,x,x,x,x,x,x,x,x,x,x,x,x,x,x,x,x,x,x,x,x,x,x,x,x,x,x,x,x,x,x,x,x,x,x,x,x,x,x,x,x,x,x,x,x,x,x,x,x
x,x,x,r47,x,x,x,x,x,x,x,x,x,x,x,x,x,x,x,r47,x,x,x,x,x,x,x,x,x,x,x,x,x,x,x,x,x,x,x,x,x,x,x,x,x,x,x,x,x,x,x,x,x,x,x,x,x,x,x,x,x,x,x,x,x,x,x,x,x,x,x,x,x,x,x,x,x,x,x,x,x,x,x,x,x,x,x,x,x,x,x,x,x,x,x,x,x,x,x,x,x,x,x,x,x,x
x,x,s187,x,x,x,x,x,x,x,x,x,x,x,x,x,x,x,x,x,x,x,x,x,x,x,x,x,x,x,x,x,x,x,x,x,x,x,x,x,x,x,x,x,x,x,x,x,x,x,x,x,x,x,x,x,x,x,x,x,x,x,x,x,x,x,x,x,x,x,x,x,x,x,x,x,x,x,x,x,x,x,x,x,x,x,x,x,x,x,x,x,x,x,x,x,x,x,x,x,x,x,x,x,x,x
x,x,x,x,x,x,x,x,x,x,x,x,x,x,x,x,x,x,x,x,s188,x,x,x,x,x,x,x,x,x,x,x,x,x,x,x,x,x,x,x,x,x,x,x,x,x,x,x,x,x,x,x,x,x,x,x,x,x,x,x,x,x,x,x,x,x,x,x,x,x,x,x,x,x,x,x,x,x,x,x,x,x,x,x,x,x,x,x,x,x,x,x,x,x,x,x,x,x,x,x,x,x,x,x,x,x
x,s12,s17,x,x,x,x,x,x,x,x,x,x,x,x,x,x,s13,s36,x,x,r39,s19,x,x,s15,x,x,x,x,x,x,x,x,x,x,x,x,x,s30,s29,x,x,x,x,x,x,x,s28,s31,s32,s46,x,s37,s39,s41,s44,x,x,s45,x,x,x,190,5,11,4,6,16,9,x,8,x,x,x,189,x,x,x,x,x,x,35,x,x,7,14,18,20,21,22,23,24,25,26,27,33,34,38,x,40,x,x,x,42,43
x,x,s73,x,x,x,x,x,x,x,x,x,x,x,x,x,x,x,s36,x,x,x,x,x,x,x,x,x,x,x,x,x,x,x,x,x,x,x,x,s30,s29,x,x,x,x,x,x,x,s28,s31,s32,s46,x,s37,s39,s41,s44,x,x,s45,x,x,x,x,x,x,x,x,x,x,x,x,x,x,x,x,x,x,x,x,x,x,35,x,x,191,14,18,20,21,22,23,24,25,26,27,33,34,38,x,40,x,x,x,42,43
r52,x,x,r52,x,x,x,x,x,x,x,x,x,x,x,x,x,x,x,r52,x,x,x,x,x,x,x,r52,r52,r52,r52,r52,r52,r52,r52,r52,r52,r52,r52,r52,r52,r52,r52,r52,r52,r52,r52,r52,x,x,x,r52,r52,x,x,x,x,x,x,x,x,x,x,x,x,x,x,x,x,x,x,x,x,x,x,x,x,x,x,x,x,x,x,x,x,x,x,x,x,x,x,x,x,x,x,x,x,x,x,x,x,x,x,x,x,x
x,x,s135,x,x,x,x,x,x,x,x,x,x,x,x,x,x,x,s36,x,x,x,x,x,x,x,x,x,x,x,x,x,x,x,x,x,x,x,x,s30,s29,x,x,x,x,x,x,x,s28,s31,s32,s46,x,s37,s39,s41,s44,x,x,s45,x,x,x,x,x,x,x,x,x,x,x,x,x,x,x,x,x,x,x,x,x,x,35,x,192,183,14,18,20,21,22,23,24,25,26,27,33,34,38,x,40,x,x,x,42,43
x,x,s193,x,x,x,x,x,x,x,x,x,x,x,x,x,x,x,x,x,x,x,x,x,x,x,x,x,x,x,x,x,x,x,x,x,x,x,x,x,x,x,x,x,x,x,x,x,x,x,x,x,x,x,x,x,x,x,x,x,x,x,x,x,x,x,x,x,x,x,x,x,x,x,x,x,x,x,x,x,x,x,x,x,x,x,x,x,x,x,x,x,x,x,x,x,x,x,x,x,x,x,x,x,x,x
x,x,s73,x,x,x,x,x,x,x,x,x,x,x,x,x,x,x,s36,x,x,x,x,x,x,x,x,x,x,x,x,x,x,x,x,x,x,x,x,s30,s29,x,x,x,x,x,x,x,s28,s31,s32,s46,x,s37,s39,s41,s44,x,x,s45,x,x,x,x,x,x,x,x,x,x,x,x,x,x,x,x,x,x,x,x,x,x,35,x,x,194,14,18,20,21,22,23,24,25,26,27,33,34,38,x,40,x,x,x,42,43
x,x,x,x,x,x,x,x,x,x,x,x,x,x,x,x,x,x,x,x,s195,x,x,x,x,x,x,x,x,x,x,x,x,x,x,x,x,x,x,x,x,x,x,x,x,x,x,x,x,x,x,x,x,x,x,x,x,x,x,x,x,x,x,x,x,x,x,x,x,x,x,x,x,x,x,x,x,x,x,x,x,x,x,x,x,x,x,x,x,x,x,x,x,x,x,x,x,x,x,x,x,x,x,x,x,x
r101,x,x,r101,x,x,x,x,x,x,x,x,x,x,x,x,x,x,x,r101,x,x,x,x,x,x,x,r101,r101,r101,r101,r101,r101,r101,r101,r101,r101,r101,r101,r101,r101,r101,r101,r101,r101,r101,r101,r101,x,x,x,r101,r101,x,x,x,x,x,x,x,x,x,x,x,x,x,x,x,x,x,x,x,x,x,x,x,x,x,x,x,x,x,x,x,x,x,x,x,x,x,x,x,x,x,x,x,x,x,x,x,x,x,x,x,x,x
x,x,r119,x,x,x,x,x,x,x,x,x,x,x,x,x,x,x,r119,r118,x,x,x,x,x,x,x,x,x,x,x,x,x,x,x,x,x,x,x,r119,r119,x,x,x,x,x,x,x,r119,r119,r119,r119,x,r119,r119,r119,r119,x,x,r119,x,x,x,x,x,x,x,x,x,x,x,x,x,x,x,x,x,x,x,x,x,x,x,x,x,x,x,x,x,x,x,x,x,x,x,x,x,x,x,x,x,x,x,x,x,x
r50,x,x,r50,x,x,x,x,x,x,x,x,x,x,x,x,x,x,x,r50,x,x,x,x,x,x,x,x,x,x,x,x,x,x,x,x,x,x,x,x,x,x,x,x,x,x,x,x,x,x,x,x,r50,x,x,x,x,x,x,x,x,x,x,x,x,x,x,x,x,x,x,x,x,x,x,x,x,x,x,x,x,x,x,x,x,x,x,x,x,x,x,x,x,x,x,x,x,x,x,x,x,x,x,x,x,x
x,x,x,x,x,x,x,x,x,x,x,x,x,x,x,x,x,x,x,x,s196,x,x,x,x,x,x,x,x,x,x,x,x,x,x,x,x,x,x,x,x,x,x,x,x,x,x,x,x,x,x,x,x,x,x,x,x,x,x,x,x,x,x,x,x,x,x,x,x,x,x,x,x,x,x,x,x,x,x,x,x,x,x,x,x,x,x,x,x,x,x,x,x,x,x,x,x,x,x,x,x,x,x,x,x,x
x,s172,x,x,x,x,x,x,x,x,x,x,x,x,x,x,x,x,x,x,x,x,x,x,x,x,x,x,x,x,x,x,x,x,x,x,x,x,x,x,x,x,x,x,x,x,x,x,x,x,x,x,x,x,x,x,x,x,x,x,x,x,x,x,x,x,x,x,x,x,x,x,x,x,x,x,x,x,198,197,171,x,x,x,x,x,x,x,x,x,x,x,x,x,x,x,x,x,x,x,x,x,x,x,x,x
x,s200,x,x,x,x,x,x,x,x,x,x,x,x,x,x,x,x,x,x,x,x,x,x,x,x,x,x,x,x,x,x,x,x,x,x,x,x,x,x,x,x,x,x,x,x,x,x,x,x,x,x,x,x,x,x,x,x,x,x,x,x,x,x,x,x,x,x,x,x,x,x,x,x,x,x,x,x,x,x,199,x,x,x,x,x,x,x,x,x,x,x,x,x,x,x,x,x,x,x,x,x,x,x,x,x
x,x,x,r46,s201,x,x,x,x,x,x,x,x,x,x,x,x,x,x,r46,x,x,x,x,x,x,x,x,x,x,x,x,x,x,x,x,x,x,x,x,x,x,x,x,x,x,x,x,x,x,x,x,x,x,x,x,x,x,x,x,x,x,x,x,x,x,x,x,x,x,x,x,x,x,x,x,x,x,x,x,x,x,x,x,x,x,x,x,x,x,x,x,x,x,x,x,x,x,x,x,x,x,x,x,x,x
x,s12,s17,x,x,x,x,x,x,x,x,x,x,x,x,x,x,s13,s36,x,x,r39,s19,x,x,s15,x,x,x,x,x,x,x,x,x,x,x,x,x,s30,s29,x,x,x,x,x,x,x,s28,s31,s32,s46,x,s37,s39,s41,s44,x,x,s45,x,x,x,190,5,11,4,6,16,9,x,8,x,x,x,202,x,x,x,x,x,x,35,x,x,7,14,18,20,21,22,23,24,25,26,27,33,34,38,x,40,x,x,x,42,43
x,x,x,x,x,x,x,x,x,x,x,x,x,x,x,x,x,x,x,x,x,s203,x,x,x,x,x,x,x,x,x,x,x,x,x,x,x,x,x,x,x,x,x,x,x,x,x,x,x,x,x,x,x,x,x,x,x,x,x,x,x,x,x,x,x,x,x,x,x,x,x,x,x,x,x,x,x,x,x,x,x,x,x,x,x,x,x,x,x,x,x,x,x,x,x,x,x,x,x,x,x,x,x,x,x,x
x,s12,s17,x,x,x,x,x,x,x,x,x,x,x,x,x,x,s13,s36,x,x,r39,s19,x,x,s15,x,x,x,x,x,x,x,x,x,x,x,x,x,s30,s29,x,x,x,x,x,x,x,s28,s31,s32,s46,x,s37,s39,s41,s44,x,x,s45,x,x,x,190,5,11,4,6,16,9,x,8,x,x,x,204,x,x,x,x,x,x,35,x,x,7,14,18,20,21,22,23,24,25,26,27,33,34,38,x,40,x,x,x,42,43
x,x,x,x,x,x,x,x,x,x,x,x,x,x,x,x,x,x,x,s205,x,x,x,x,x,x,x,x,x,x,x,x,x,x,x,x,x,x,x,x,x,x,x,x,x,x,x,x,x,x,x,x,x,x,x,x,x,x,x,x,x,x,x,x,x,x,x,x,x,x,x,x,x,x,x,x,x,x,x,x,x,x,x,x,x,x,x,x,x,x,x,x,x,x,x,x,x,x,x,x,x,x,x,x,x,x
x,x,x,s178,x,x,x,x,x,x,x,x,x,x,x,x,x,x,x,r56,x,x,x,x,x,x,x,x,x,x,x,x,x,x,x,x,x,x,x,x,x,x,x,x,x,x,x,x,x,x,x,x,x,x,x,x,x,x,x,x,x,x,x,x,x,x,x,x,x,x,x,x,x,x,x,x,x,x,x,x,x,x,x,x,x,x,x,x,x,x,x,x,x,x,x,x,x,x,x,x,x,x,x,x,x,x
x,x,x,x,s206,x,x,x,x,x,x,x,x,x,x,x,x,x,x,x,x,x,x,x,x,x,x,x,x,x,x,x,x,x,x,x,x,x,x,x,x,x,x,x,x,x,x,x,x,x,x,x,x,x,x,x,x,x,x,x,x,x,x,x,x,x,x,x,x,x,x,x,x,x,x,x,x,x,x,x,x,x,x,x,x,x,x,x,x,x,x,x,x,x,x,x,x,x,x,x,x,x,x,x,x,x
x,x,x,r57,x,x,x,x,x,x,x,x,x,x,x,x,x,x,x,r57,x,x,x,x,x,x,x,x,x,x,x,x,x,x,x,x,x,x,x,x,x,x,x,x,x,x,x,x,x,x,x,x,x,x,x,x,x,x,x,x,x,x,x,x,x,x,x,x,x,x,x,x,x,x,x,x,x,x,x,x,x,x,x,x,x,x,x,x,x,x,x,x,x,x,x,x,x,x,x,x,x,x,x,x,x,x
x,s12,s17,x,x,x,x,x,x,x,x,x,x,x,x,x,x,s13,s36,x,x,r39,s19,x,x,s15,x,x,x,x,x,x,x,x,x,x,x,x,x,s30,s29,x,x,x,x,x,x,x,s28,s31,s32,s46,x,s37,s39,s41,s44,x,x,s45,x,x,x,190,5,11,4,6,16,9,x,8,x,x,x,207,x,x,x,x,x,x,35,x,x,7,14,18,20,21,22,23,24,25,26,27,33,34,38,x,40,x,x,x,42,43
x,s12,s17,x,x,x,x,x,x,x,x,x,x,x,x,x,x,s13,s36,x,x,r39,s19,x,x,s15,x,x,x,x,x,x,x,x,x,x,x,x,x,s30,s29,x,x,x,x,x,x,x,s28,s31,s32,s46,x,s37,s39,s41,s44,x,x,s45,x,x,x,190,5,11,4,6,16,9,x,8,x,x,x,208,x,x,x,x,x,x,35,x,x,7,14,18,20,21,22,23,24,25,26,27,33,34,38,x,40,x,x,x,42,43
x,x,x,s186,x,x,x,x,x,x,x,x,x,x,x,x,x,x,x,r43,x,x,x,x,x,x,x,x,x,x,x,x,x,x,x,x,x,x,x,x,x,x,x,x,x,x,x,x,x,x,x,x,x,x,x,x,x,x,x,x,x,x,x,x,x,x,x,x,x,x,x,x,x,x,x,x,x,x,x,x,x,x,x,x,x,x,x,x,x,x,x,x,x,x,x,x,x,x,x,x,x,x,x,x,x,x
x,x,x,r45,x,x,x,x,x,x,x,x,x,x,x,x,x,x,x,r45,x,x,x,x,x,x,x,x,x,x,x,x,x,x,x,x,x,x,x,x,x,x,x,x,x,x,x,x,x,x,x,x,x,x,x,x,x,x,x,x,x,x,x,x,x,x,x,x,x,x,x,x,x,x,x,x,x,x,x,x,x,x,x,x,x,x,x,x,x,x,x,x,x,x,x,x,x,x,x,x,x,x,x,x,x,x
x,x,x,r48,x,x,x,x,x,x,x,x,x,x,x,x,x,x,x,r48,x,x,x,x,x,x,x,x,x,x,x,x,x,x,x,x,x,x,x,x,x,x,x,x,x,x,x,x,x,x,x,x,x,x,x,x,x,x,x,x,x,x,x,x,x,x,x,x,x,x,x,x,x,x,x,x,x,x,x,x,x,x,x,x,x,x,x,x,x,x,x,x,x,x,x,x,x,x,x,x,x,x,x,x,x,x
x,x,s209,x,x,x,x,x,x,x,x,x,x,x,x,x,x,x,x,x,x,x,x,x,x,x,x,x,x,x,x,x,x,x,x,x,x,x,x,x,x,x,x,x,x,x,x,x,x,x,x,x,x,x,x,x,x,x,x,x,x,x,x,x,x,x,x,x,x,x,x,x,x,x,x,x,x,x,x,x,x,x,x,x,x,x,x,x,x,x,x,x,x,x,x,x,x,x,x,x,x,x,x,x,x,x
x,x,s73,x,x,x,x,x,x,x,x,x,x,x,x,x,x,x,s36,x,x,x,x,x,x,x,x,x,x,x,x,x,x,x,x,x,x,x,x,s30,s29,x,x,x,x,x,x,x,s28,s31,s32,s46,x,s37,s39,s41,s44,x,x,s45,x,x,x,x,x,x,x,x,x,x,x,x,x,x,x,x,x,x,x,x,x,x,35,x,x,210,14,18,20,21,22,23,24,25,26,27,33,34,38,x,40,x,x,x,42,43
x,x,x,x,x,x,x,x,x,x,x,x,x,x,x,x,x,x,x,x,x,s211,x,x,x,x,x,x,x,x,x,x,x,x,x,x,x,x,x,x,x,x,x,x,x,x,x,x,x,x,x,x,x,x,x,x,x,x,x,x,x,x,x,x,x,x,x,x,x,x,x,x,x,x,x,x,x,x,x,x,x,x,x,x,x,x,x,x,x,x,x,x,x,x,x,x,x,x,x,x,x,x,x,x,x,x
x,r31,r31,x,x,x,x,x,x,x,x,x,x,x,x,x,x,r31,r31,x,x,r31,r31,x,x,r31,r31,x,x,x,x,x,x,x,x,x,x,x,x,r31,r31,x,x,x,x,x,x,x,r31,r31,r31,r31,x,r31,r31,r31,r31,x,x,r31,r31,x,x,x,x,x,x,x,x,x,x,x,x,x,x,x,x,x,x,x,x,x,x,x,x,x,x,x,x,x,x,x,x,x,x,x,x,x,x,x,x,x,x,x,x,x
x,x,x,x,x,x,x,x,x,x,x,x,x,x,x,x,x,x,x,x,x,r38,x,x,x,x,x,x,x,x,x,x,x,x,x,x,x,x,x,x,x,x,x,x,x,x,x,x,x,x,x,x,x,x,x,x,x,x,x,x,x,x,x,x,x,x,x,x,x,x,x,x,x,x,x,x,x,x,x,x,x,x,x,x,x,x,x,x,x,x,x,x,x,x,x,x,x,x,x,x,x,x,x,x,x,x
x,x,x,x,x,x,x,x,x,x,x,x,x,x,x,x,x,x,x,x,s212,x,x,x,x,x,x,x,x,x,x,x,x,x,x,x,x,x,x,x,x,x,x,x,x,x,x,x,x,x,x,x,x,x,x,x,x,x,x,x,x,x,x,x,x,x,x,x,x,x,x,x,x,x,x,x,x,x,x,x,x,x,x,x,x,x,x,x,x,x,x,x,x,x,x,x,x,x,x,x,x,x,x,x,x,x
x,x,s73,x,x,x,x,x,x,x,x,x,x,x,x,x,x,x,s36,x,x,x,x,x,x,x,x,x,x,x,x,x,x,x,x,x,x,x,x,s30,s29,x,x,x,x,x,x,x,s28,s31,s32,s46,x,s37,s39,s41,s44,x,x,s45,x,x,x,x,x,x,x,x,x,x,x,x,x,x,x,x,x,x,x,x,x,x,35,x,x,213,14,18,20,21,22,23,24,25,26,27,33,34,38,x,40,x,x,x,42,43
x,x,x,x,x,x,x,x,x,x,x,x,x,x,x,x,x,x,x,x,x,s214,x,x,x,x,x,x,x,x,x,x,x,x,x,x,x,x,x,x,x,x,x,x,x,x,x,x,x,x,x,x,x,x,x,x,x,x,x,x,x,x,x,x,x,x,x,x,x,x,x,x,x,x,x,x,x,x,x,x,x,x,x,x,x,x,x,x,x,x,x,x,x,x,x,x,x,x,x,x,x,x,x,x,x,x
x,x,x,x,x,x,x,x,x,x,x,x,x,x,x,x,x,x,x,x,x,s215,x,x,x,x,x,x,x,x,x,x,x,x,x,x,x,x,x,x,x,x,x,x,x,x,x,x,x,x,x,x,x,x,x,x,x,x,x,x,x,x,x,x,x,x,x,x,x,x,x,x,x,x,x,x,x,x,x,x,x,x,x,x,x,x,x,x,x,x,x,x,x,x,x,x,x,x,x,x,x,x,x,x,x,x
x,x,x,x,s201,x,x,x,x,x,x,x,x,x,x,x,x,x,x,x,x,x,x,x,x,x,x,x,x,x,x,x,x,x,x,x,x,x,x,x,x,x,x,x,x,x,x,x,x,x,x,x,x,x,x,x,x,x,x,x,x,x,x,x,x,x,x,x,x,x,x,x,x,x,x,x,x,x,x,x,x,x,x,x,x,x,x,x,x,x,x,x,x,x,x,x,x,x,x,x,x,x,x,x,x,x
x,x,x,r49,x,x,x,x,x,x,x,x,x,x,x,x,x,x,x,r49,x,x,x,x,x,x,x,x,x,x,x,x,x,x,x,x,x,x,x,x,x,x,x,x,x,x,x,x,x,x,x,x,x,x,x,x,x,x,x,x,x,x,x,x,x,x,x,x,x,x,x,x,x,x,x,x,x,x,x,x,x,x,x,x,x,x,x,x,x,x,x,x,x,x,x,x,x,x,x,x,x,x,x,x,x,x
x,r28,r28,x,x,x,x,x,x,x,x,x,x,x,x,x,x,r28,r28,x,x,r28,r28,x,x,r28,r28,x,x,x,x,x,x,x,x,x,x,x,x,r28,r28,x,x,x,x,x,x,x,r28,r28,r28,r28,x,r28,r28,r28,r28,x,x,r28,r28,x,x,x,x,x,x,x,x,x,x,x,x,x,x,x,x,x,x,x,x,x,x,x,x,x,x,x,x,x,x,x,x,x,x,x,x,x,x,x,x,x,x,x,x,x
x,s12,s17,x,x,x,x,x,x,x,x,x,x,x,x,x,x,s13,s36,x,x,r39,s19,x,x,s15,x,x,x,x,x,x,x,x,x,x,x,x,x,s30,s29,x,x,x,x,x,x,x,s28,s31,s32,s46,x,s37,s39,s41,s44,x,x,s45,x,x,x,190,5,11,4,6,16,9,x,8,x,x,x,216,x,x,x,x,x,x,35,x,x,7,14,18,20,21,22,23,24,25,26,27,33,34,38,x,40,x,x,x,42,43
x,x,x,r58,x,x,x,x,x,x,x,x,x,x,x,x,x,x,x,r58,x,x,x,x,x,x,x,x,x,x,x,x,x,x,x,x,x,x,x,x,x,x,x,x,x,x,x,x,x,x,x,x,x,x,x,x,x,x,x,x,x,x,x,x,x,x,x,x,x,x,x,x,x,x,x,x,x,x,x,x,x,x,x,x,x,x,x,x,x,x,x,x,x,x,x,x,x,x,x,x,x,x,x,x,x,x
x,r29,r29,x,x,x,x,x,x,x,x,x,x,x,x,x,x,r29,r29,x,x,r29,r29,r29,r29,r29,r29,x,x,x,x,x,x,x,x,x,x,x,x,r29,r29,x,x,x,x,x,x,x,r29,r29,r29,r29,x,r29,r29,r29,r29,x,x,r29,r29,x,x,x,x,x,x,x,x,x,x,x,x,x,x,x,x,x,x,x,x,x,x,x,x,x,x,x,x,x,x,x,x,x,x,x,x,x,x,x,x,x,x,x,x,x
x,r37,r37,x,x,x,x,x,x,x,x,x,x,x,x,x,x,r37,r37,x,x,x,r37,x,x,r37,r37,x,x,x,x,x,x,x,x,x,x,x,x,r37,r37,x,x,x,x,x,x,x,r37,r37,r37,r37,x,r37,r37,r37,r37,x,x,r37,r37,x,x,x,x,x,x,x,x,x,x,x,x,x,x,x,x,x,x,x,x,x,x,x,x,x,x,x,x,x,x,x,x,x,x,x,x,x,x,x,x,x,x,x,x,x
x,x,x,x,x,x,x,x,x,x,x,x,x,x,x,x,x,x,x,x,x,s217,x,x,x,x,x,x,x,x,x,x,x,x,x,x,x,x,x,x,x,x,x,x,x,x,x,x,x,x,x,x,x,x,x,x,x,x,x,x,x,x,x,x,x,x,x,x,x,x,x,x,x,x,x,x,x,x,x,x,x,x,x,x,x,x,x,x,x,x,x,x,x,x,x,x,x,x,x,x,x,x,x,x,x,x
x,x,x,x,x,x,x,x,x,x,x,x,x,x,x,x,x,x,x,x,x,x,x,r33,r33,x,x,x,x,x,x,x,x,x,x,x,x,x,x,x,x,x,x,x,x,x,x,x,x,x,x,x,x,x,x,x,x,x,x,x,x,x,x,x,x,x,x,x,x,x,x,x,x,x,x,x,x,x,x,x,x,x,x,x,x,x,x,x,x,x,x,x,x,x,x,x,x,x,x,x,x,x,x,x,x,x
